{"marterials":[{"source_path":"E:/Valor/EDrill/E- Raw Rec/Adv Dribbling TP.mp4","use_converter":true},{"source_path":"E:/Valor/EDrill/Assets/6 MINUTES.png","use_converter":true},{"source_path":"E:/Recordings/2024-05-15 15-45-34.mkv","use_converter":true},{"source_path":"E:/Recordings/2024-05-15 15-44-28.mkv","use_converter":true},{"source_path":"E:/Recordings/2024-05-22 15-23-10.mkv","use_converter":true},{"source_path":"C:/Users/nks/Downloads/Valor content resources/Overlays/BAD HABIT 1.png","use_converter":true},{"source_path":"E:/Valor/EDrill/Assets/8 MINTUES.png","use_converter":true},{"source_path":"E:/Recordings/2024-05-16 18-36-21.mkv","use_converter":true},{"source_path":"E:/Recordings/2024-05-16 16-23-18.mkv","use_converter":true},{"source_path":"","use_converter":true},{"source_path":"C:/Users/barte/AppData/Local/CapCut/User Data/Projects/com.lveditor.draft/E - Jumping TP/1825cc05bc13e09648aeb701e4781dee_32833333-sdr709.jpg","use_converter":true},{"source_path":"E:/Valor/EDrill/Assets/3 MINUTES.png","use_converter":true},{"source_path":"E:/Valor/EDrill/Assets/4 MINUTES.png","use_converter":true},{"source_path":"E:/Valor/EDrill/E - Small Pads.mp4","use_converter":true},{"source_path":"E:/Valor/EDrill/Assets/5 MINUTES.png","use_converter":true},{"source_path":"C:/Users/barte/AppData/Local/CapCut/User Data/Projects/com.lveditor.draft/E - Adv Bckb Control TP/1080c74934ad311c9eff557f602ed06b_38233333-sdr709.jpg","use_converter":true},{"source_path":"E:/Recordings/2024-05-03 12-36-06.mkv","use_converter":true},{"source_path":"E:/Valor/EDrill/Assets/7 MINUTES.png","use_converter":true},{"source_path":"E:/Valor/EDrill/Assets/BAD HABIT 1.png","use_converter":true},{"source_path":"E:/Valor/EDrill/Assets/BAD HABIT 2.png","use_converter":true},{"source_path":"E:/Recordings/2024-05-09 10-16-38.mkv","use_converter":true},{"source_path":"E:/Recordings/2024-05-16 16-21-41.mkv","use_converter":true},{"source_path":"E:/Valor/EDrill/Assets/green.png","use_converter":true},{"source_path":"E:/Recordings/2024-05-22 16-11-12.mkv","use_converter":true},{"source_path":"E:/Valor/EDrill/Assets/red.png","use_converter":true},{"source_path":"E:/Recordings/2024-05-03 12-52-09.mkv","use_converter":true},{"source_path":"E:/Recordings/2024-05-16 16-26-48.mkv","use_converter":true},{"source_path":"E:/Recordings/2024-05-22 16-06-24.mkv","use_converter":true},{"source_path":"E:/Recordings/2024-05-28 18-07-30.mkv","use_converter":true},{"source_path":"C:/Users/nks/Downloads/Valor content resources/Overlays/Time - 4 minutes.png","use_converter":true},{"source_path":"C:/Users/nks/Downloads/Valor content resources/Overlays/TIP 2.png","use_converter":true},{"source_path":"E:/Valor/EDrill/Assets/TIP 1.png","use_converter":true},{"source_path":"E:/Recordings/2024-05-28 17-59-42.mkv","use_converter":true},{"source_path":"C:/Users/barte/AppData/Local/CapCut/User Data/Projects/com.lveditor.draft/E - Adv Bckb Control TP/1080c74934ad311c9eff557f602ed06b_27666666-sdr709.jpg","use_converter":true},{"source_path":"E:/Recordings/2024-05-21 13-47-15.mkv","use_converter":true},{"source_path":"C:/Users/nks/Downloads/Valor content resources/Overlays/TIP 1.png","use_converter":true},{"source_path":"E:/Valor/EDrill/Assets/TIP 2.png","use_converter":true},{"source_path":"E:/Recordings/2024-05-23 16-38-01.mkv","use_converter":true},{"source_path":"E:/Recordings/2024-05-28 19-57-06.mkv","use_converter":true},{"source_path":"E:/Valor/EDrill/E- Raw Rec/Flipping TC.mp4","use_converter":true},{"source_path":"E:/Recordings/2024-05-23 15-47-27.mkv","use_converter":true},{"source_path":"E:/Recordings/2024-05-28 18-05-58.mkv","use_converter":true},{"source_path":"E:/Recordings/2024-05-15 13-45-00.mkv","use_converter":true},{"source_path":"E:/Recordings/2024-05-15 13-41-23.mkv","use_converter":true},{"source_path":"E:/Recordings/2024-05-28 19-41-17.mkv","use_converter":true},{"source_path":"E:/Recordings/2024-05-28 19-34-00.mkv","use_converter":true},{"source_path":"E:/Recordings/2024-05-15 13-27-51.mkv","use_converter":true},{"source_path":"E:/Recordings/2024-05-16 18-41-31.mkv","use_converter":true},{"source_path":"E:/Recordings/2024-05-15 17-01-02.mkv","use_converter":true},{"source_path":"E:/Valor/Skill Intro/New/Raw/Flip Resets.mp4","use_converter":true},{"source_path":"E:/Recordings/2024-05-15 13-29-20.mkv","use_converter":true},{"source_path":"E:/Recordings/2024-05-15 17-07-54.mkv","use_converter":true},{"source_path":"E:/Recordings/2024-05-15 14-01-37.mkv","use_converter":true},{"source_path":"E:/Recordings/2024-05-15 13-31-10.mkv","use_converter":true},{"source_path":"E:/Recordings/2024-05-21 13-51-57.mkv","use_converter":true},{"source_path":"C:/Users/nks/Downloads/Valor content resources/Overlays/Time - 6 minutes.png","use_converter":true},{"source_path":"E:/Recordings/2024-05-15 13-37-47.mkv","use_converter":true},{"source_path":"E:/Recordings/2024-05-02 11-49-25.mkv","use_converter":true},{"source_path":"E:/Recordings/2024-05-23 17-09-13.mkv","use_converter":true},{"source_path":"E:/Recordings/2024-05-15 14-34-20.mkv","use_converter":true},{"source_path":"E:/Recordings/2024-05-15 15-46-43.mkv","use_converter":true},{"source_path":"E:/Recordings/2024-05-15 15-49-57.mkv","use_converter":true},{"source_path":"E:/Valor/EDrill/E- Raw Rec/Beg Goal Def TP.mp4","use_converter":true},{"source_path":"E:/Recordings/2024-05-15 17-02-50.mkv","use_converter":true},{"source_path":"E:/Recordings/2024-05-15 16-57-23.mkv","use_converter":true},{"source_path":"E:/Valor/EDrill/Assets/stopwatch.png","use_converter":true},{"source_path":"E:/Recordings/2024-05-22 16-49-38.mkv","use_converter":true},{"source_path":"E:/Recordings/2024-05-15 16-59-42.mkv","use_converter":true},{"source_path":"E:/Recordings/2024-05-16 18-33-34.mkv","use_converter":true},{"source_path":"E:/Recordings/2024-05-16 18-58-27.mkv","use_converter":true},{"source_path":"E:/Recordings/2024-05-23 15-46-54.mkv","use_converter":true},{"source_path":"E:/Recordings/2024-05-22 16-11-31.mkv","use_converter":true},{"source_path":"E:/Recordings/2024-05-22 15-42-21.mkv","use_converter":true},{"source_path":"E:/Recordings/2024-05-28 18-04-00.mkv","use_converter":true},{"source_path":"C:/Users/barte/OneDrive/Desktop/YoungerSpanglyRaiden.mp4","use_converter":true},{"source_path":"E:/Recordings/2024-05-23 17-01-01.mkv","use_converter":true},{"source_path":"E:/Recordings/2024-05-22 16-30-42.mkv","use_converter":true},{"source_path":"E:/Recordings/2024-05-23 15-41-15.mkv","use_converter":true},{"source_path":"E:/Recordings/2024-05-28 18-02-43.mkv","use_converter":true},{"source_path":"E:/Recordings/2024-05-22 16-03-03.mkv","use_converter":true},{"source_path":"E:/Valor/EDrill/E- Raw Rec/Adv Red TP.mp4","use_converter":true},{"source_path":"E:/Recordings/2024-05-23 15-38-42.mkv","use_converter":true},{"source_path":"E:/Recordings/2024-05-23 15-47-44.mkv","use_converter":true},{"source_path":"E:/Recordings/2024-05-09 10-24-03.mkv","use_converter":true},{"source_path":"E:/Recordings/2024-05-09 10-51-22.mkv","use_converter":true},{"source_path":"C:/Users/nks/Downloads/Valor content resources/Overlays/Time - 3 minutes.png","use_converter":true},{"source_path":"E:/Recordings/2024-05-03 12-37-14.mkv","use_converter":true},{"source_path":"E:/Recordings/2024-05-03 12-40-56.mkv","use_converter":true},{"source_path":"E:/Recordings/2024-05-03 12-41-44.mkv","use_converter":true},{"source_path":"E:/Recordings/2024-05-28 12-58-52.mkv","use_converter":true},{"source_path":"E:/Recordings/2024-05-03 12-47-47.mkv","use_converter":true},{"source_path":"E:/Recordings/2024-05-28 19-20-06.mkv","use_converter":true},{"source_path":"E:/Recordings/2024-05-03 12-48-48.mkv","use_converter":true},{"source_path":"E:/Recordings/2024-05-03 12-57-46.mkv","use_converter":true},{"source_path":"E:/Valor/EDrill/E- Raw Rec/Jumping TP.mp4","use_converter":true},{"source_path":"E:/Valor/EDrill/E- Raw Rec/Adv Bckb Control TP.mp4","use_converter":true},{"source_path":"E:/Valor/EDrill/E- Raw Rec/Beg ARS TP.mp4","use_converter":true},{"source_path":"E:/Valor/EDrill/E- Raw Rec/Standard Dribbling TP.mp4","use_converter":true},{"source_path":"E:/Recordings/2024-05-23 16-58-14.mkv","use_converter":true},{"source_path":"E:/Recordings/2024-05-28 20-10-24.mkv","use_converter":true},{"source_path":"E:/Recordings/2024-05-23 16-59-43.mkv","use_converter":true},{"source_path":"E:/Recordings/2024-05-24 09-52-43.mkv","use_converter":true},{"source_path":"E:/Recordings/2024-05-24 10-01-33.mkv","use_converter":true},{"source_path":"E:/Recordings/2024-05-24 10-00-06.mkv","use_converter":true},{"source_path":"E:/Recordings/2024-05-24 09-59-25.mkv","use_converter":true},{"source_path":"E:/Recordings/2024-05-28 16-44-18.mkv","use_converter":true},{"source_path":"E:/Recordings/2024-05-28 18-00-50.mkv","use_converter":true},{"source_path":"E:/Recordings/2024-05-28 16-43-31.mkv","use_converter":true},{"source_path":"C:/Users/nks/Downloads/Valor content resources/Overlays/Time - 7 minutes.png","use_converter":true},{"source_path":"E:/Recordings/2024-05-28 17-26-40.mkv","use_converter":true},{"source_path":"E:/Recordings/2024-04-25 12-21-03.mkv","use_converter":true},{"source_path":"E:/Recordings/2024-05-28 17-34-51.mkv","use_converter":true},{"source_path":"E:/Recordings/2024-05-28 16-49-05.mkv","use_converter":true},{"source_path":"C:/Users/nks/Downloads/Valor content resources/Overlays/Time - 8 minutes.png","use_converter":true},{"source_path":"E:/Recordings/2024-05-28 19-58-31.mkv","use_converter":true},{"source_path":"E:/Recordings/2024-05-28 19-52-15.mkv","use_converter":true},{"source_path":"C:/Users/nks/Downloads/Valor content resources/Overlays/BAD HABIT 2.png","use_converter":true},{"source_path":"C:/Users/nks/Downloads/Valor content resources/Overlays/Overlay - red.png","use_converter":true},{"source_path":"C:/Users/nks/Downloads/Valor content resources/Overlays/Time - 5 minutes.png","use_converter":true},{"source_path":"C:/Users/nks/Downloads/Valor content resources/Overlays/Overlay - green.png","use_converter":true},{"source_path":"C:/Users/nks/Downloads/Valor content resources/Images/Black screen.PNG","use_converter":true},{"source_path":"E:/Recordings/2024-05-28 19-21-17.mkv","use_converter":true},{"source_path":"E:/Recordings/2024-05-28 19-24-52.mkv","use_converter":true},{"source_path":"E:/Recordings/2024-05-28 19-27-26.mkv","use_converter":true},{"source_path":"E:/Recordings/2024-05-28 19-56-11.mkv","use_converter":true},{"source_path":"E:/Valor/Skill Intro/New/Raw/Flip Resets v2.mp4","use_converter":true}],"use_converter":false,"video_resolution":720}