{"cloud_package_completed_time":"","draft_cloud_capcut_purchase_info":"","draft_cloud_last_action_download":false,"draft_cloud_materials":[],"draft_cloud_purchase_info":"","draft_cloud_template_id":"","draft_cloud_tutorial_info":"","draft_cloud_videocut_purchase_info":"","draft_cover":"draft_cover.jpg","draft_deeplink_url":"","draft_enterprise_info":{"draft_enterprise_extra":"","draft_enterprise_id":"","draft_enterprise_name":"","enterprise_material":[]},"draft_fold_path":"C:/Users/nks/AppData/Local/CapCut/User Data/Projects/com.lveditor.draft/EDrill Template","draft_id":"08753858-3D60-4b06-8872-BD991A66B4DB","draft_is_ai_packaging_used":false,"draft_is_ai_shorts":false,"draft_is_ai_translate":false,"draft_is_article_video_draft":false,"draft_is_from_deeplink":"false","draft_is_invisible":false,"draft_materials":[{"type":0,"value":[{"create_time":0,"duration":5000000,"extra_info":"Time - 3 minutes.png","file_Path":"C:/Users/nks/Downloads/Valor content resources/Overlays/Time - 3 minutes.png","height":178,"id":"5ed14074-b700-44ec-9bcf-54b964cc8cb8","import_time":0,"import_time_ms":0,"item_source":1,"md5":"","metetype":"photo","roughcut_time_range":{"duration":-1,"start":-1},"sub_time_range":{"duration":-1,"start":-1},"type":0,"width":918},{"create_time":0,"duration":5000000,"extra_info":"Time - 4 minutes.png","file_Path":"C:/Users/nks/Downloads/Valor content resources/Overlays/Time - 4 minutes.png","height":178,"id":"eac2d8f0-d8fb-445a-af88-87c68ffc67f0","import_time":0,"import_time_ms":0,"item_source":1,"md5":"","metetype":"photo","roughcut_time_range":{"duration":-1,"start":-1},"sub_time_range":{"duration":-1,"start":-1},"type":0,"width":916},{"create_time":0,"duration":5000000,"extra_info":"Time - 5 minutes.png","file_Path":"C:/Users/nks/Downloads/Valor content resources/Overlays/Time - 5 minutes.png","height":178,"id":"3ae60139-1e54-4745-b969-9617684c9bfb","import_time":0,"import_time_ms":0,"item_source":1,"md5":"","metetype":"photo","roughcut_time_range":{"duration":-1,"start":-1},"sub_time_range":{"duration":-1,"start":-1},"type":0,"width":918},{"create_time":0,"duration":5000000,"extra_info":"Time - 6 minutes.png","file_Path":"C:/Users/nks/Downloads/Valor content resources/Overlays/Time - 6 minutes.png","height":178,"id":"e8343e4a-8503-49cc-ab38-ce5bef1f7618","import_time":0,"import_time_ms":0,"item_source":1,"md5":"","metetype":"photo","roughcut_time_range":{"duration":-1,"start":-1},"sub_time_range":{"duration":-1,"start":-1},"type":0,"width":920},{"create_time":0,"duration":5000000,"extra_info":"Time - 7 minutes.png","file_Path":"C:/Users/nks/Downloads/Valor content resources/Overlays/Time - 7 minutes.png","height":178,"id":"d1af456c-2f87-432e-aacf-aa4b1f931940","import_time":0,"import_time_ms":0,"item_source":1,"md5":"","metetype":"photo","roughcut_time_range":{"duration":-1,"start":-1},"sub_time_range":{"duration":-1,"start":-1},"type":0,"width":894},{"create_time":0,"duration":5000000,"extra_info":"Time - 8 minutes.png","file_Path":"C:/Users/nks/Downloads/Valor content resources/Overlays/Time - 8 minutes.png","height":178,"id":"b9c1a85c-4ee8-446e-a8bc-b3e3449136da","import_time":0,"import_time_ms":0,"item_source":1,"md5":"","metetype":"photo","roughcut_time_range":{"duration":-1,"start":-1},"sub_time_range":{"duration":-1,"start":-1},"type":0,"width":918},{"create_time":0,"duration":5000000,"extra_info":"BAD HABIT 1.png","file_Path":"C:/Users/nks/Downloads/Valor content resources/Overlays/BAD HABIT 1.png","height":220,"id":"c0f9a905-67f4-4f8b-926b-adbe6274f7be","import_time":0,"import_time_ms":0,"item_source":1,"md5":"","metetype":"photo","roughcut_time_range":{"duration":-1,"start":-1},"sub_time_range":{"duration":-1,"start":-1},"type":0,"width":1222},{"create_time":0,"duration":5000000,"extra_info":"BAD HABIT 2.png","file_Path":"C:/Users/nks/Downloads/Valor content resources/Overlays/BAD HABIT 2.png","height":224,"id":"bff083d4-a943-4649-a686-4c2ac3e1b5b4","import_time":0,"import_time_ms":0,"item_source":1,"md5":"","metetype":"photo","roughcut_time_range":{"duration":-1,"start":-1},"sub_time_range":{"duration":-1,"start":-1},"type":0,"width":1256},{"create_time":0,"duration":5000000,"extra_info":"Overlay - green.png","file_Path":"C:/Users/nks/Downloads/Valor content resources/Overlays/Overlay - green.png","height":1080,"id":"be34622f-7e68-4818-a109-07106de883ac","import_time":0,"import_time_ms":0,"item_source":1,"md5":"","metetype":"photo","roughcut_time_range":{"duration":-1,"start":-1},"sub_time_range":{"duration":-1,"start":-1},"type":0,"width":1920},{"create_time":0,"duration":5000000,"extra_info":"Overlay - red.png","file_Path":"C:/Users/nks/Downloads/Valor content resources/Overlays/Overlay - red.png","height":1080,"id":"cb20b48d-ad35-45f5-9649-5f8a3d49c181","import_time":0,"import_time_ms":0,"item_source":1,"md5":"","metetype":"photo","roughcut_time_range":{"duration":-1,"start":-1},"sub_time_range":{"duration":-1,"start":-1},"type":0,"width":1920},{"create_time":0,"duration":5000000,"extra_info":"TIP 1.png","file_Path":"C:/Users/nks/Downloads/Valor content resources/Overlays/TIP 1.png","height":222,"id":"7087b310-f8ed-47ba-b5eb-1173b3e8e5d1","import_time":0,"import_time_ms":0,"item_source":1,"md5":"","metetype":"photo","roughcut_time_range":{"duration":-1,"start":-1},"sub_time_range":{"duration":-1,"start":-1},"type":0,"width":548},{"create_time":0,"duration":5000000,"extra_info":"TIP 2.png","file_Path":"C:/Users/nks/Downloads/Valor content resources/Overlays/TIP 2.png","height":226,"id":"1883bcc8-17fa-4b07-82ad-3dc320fbab59","import_time":0,"import_time_ms":0,"item_source":1,"md5":"","metetype":"photo","roughcut_time_range":{"duration":-1,"start":-1},"sub_time_range":{"duration":-1,"start":-1},"type":0,"width":582},{"create_time":0,"duration":744000,"extra_info":"Swoosh SFX.mp3","file_Path":"C:/Users/nks/Downloads/Valor content resources/SFX/Swoosh SFX.mp3","height":0,"id":"966361b5-eff9-42e3-a2a9-144495fa2fa1","import_time":0,"import_time_ms":0,"item_source":1,"md5":"","metetype":"music","roughcut_time_range":{"duration":744000,"start":0},"sub_time_range":{"duration":-1,"start":-1},"type":0,"width":0},{"create_time":0,"duration":2063000,"extra_info":"Pop SFX.mp3","file_Path":"C:/Users/nks/Downloads/Valor content resources/SFX/Pop SFX.mp3","height":0,"id":"a1bd8957-5e29-470e-b104-f7c721cf898c","import_time":0,"import_time_ms":0,"item_source":1,"md5":"","metetype":"music","roughcut_time_range":{"duration":2063000,"start":0},"sub_time_range":{"duration":-1,"start":-1},"type":0,"width":0},{"create_time":0,"duration":2088000,"extra_info":"Buzzer SFX.mp3","file_Path":"C:/Users/nks/Downloads/Valor content resources/SFX/Buzzer SFX.mp3","height":0,"id":"3781e6cd-7ea7-4b34-ad24-5538bc8dba3f","import_time":0,"import_time_ms":0,"item_source":1,"md5":"","metetype":"music","roughcut_time_range":{"duration":2088000,"start":0},"sub_time_range":{"duration":-1,"start":-1},"type":0,"width":0},{"create_time":0,"duration":2136000,"extra_info":"Ding SFX.mp3","file_Path":"C:/Users/nks/Downloads/Valor content resources/SFX/Ding SFX.mp3","height":0,"id":"baba3360-bd3e-4d83-84b2-abaed3421f1c","import_time":0,"import_time_ms":0,"item_source":1,"md5":"","metetype":"music","roughcut_time_range":{"duration":2136000,"start":0},"sub_time_range":{"duration":-1,"start":-1},"type":0,"width":0},{"create_time":0,"duration":152520000,"extra_info":"Background music.mp3","file_Path":"C:/Users/nks/Downloads/Valor content resources/Music/Background music.mp3","height":0,"id":"7dd29a0b-3447-43a2-8469-25ce2d3140b4","import_time":0,"import_time_ms":0,"item_source":1,"md5":"","metetype":"music","roughcut_time_range":{"duration":152520000,"start":0},"sub_time_range":{"duration":-1,"start":-1},"type":0,"width":0},{"create_time":0,"duration":235440000,"extra_info":"Background music 2.mp3","file_Path":"C:/Users/nks/Downloads/Valor content resources/Music/Background music 2.mp3","height":0,"id":"2c227537-89cd-4087-8800-8bdbbe034131","import_time":0,"import_time_ms":0,"item_source":1,"md5":"","metetype":"music","roughcut_time_range":{"duration":235440000,"start":0},"sub_time_range":{"duration":-1,"start":-1},"type":0,"width":0},{"create_time":1717538169,"duration":5000000,"extra_info":"Black screen.PNG","file_Path":"C:/Users/nks/Downloads/Valor content resources/Images/Black screen.PNG","height":708,"id":"23d0890c-3efb-4bad-912f-752dc981540c","import_time":1717538263,"import_time_ms":1717538262536637,"item_source":1,"md5":"","metetype":"photo","roughcut_time_range":{"duration":-1,"start":-1},"sub_time_range":{"duration":-1,"start":-1},"type":0,"width":962}]},{"type":1,"value":[]},{"type":2,"value":[]},{"type":3,"value":[]},{"type":6,"value":[]},{"type":7,"value":[]},{"type":8,"value":[]}],"draft_materials_copied_info":[],"draft_name":"EDrill Template","draft_new_version":"","draft_removable_storage_device":"","draft_root_path":"C:\\Users\\nks\\AppData\\Local\\CapCut\\User Data\\Projects\\com.lveditor.draft","draft_segment_extra_info":[{"extra_mask_aspect_ratio_locked":false,"extra_segmend_id":"026D6593-D905-4609-8857-C94A9F066643"},{"extra_mask_aspect_ratio_locked":false,"extra_segmend_id":"0E0CF73B-A330-4c92-BC24-504E2CFE5CC9"},{"extra_mask_aspect_ratio_locked":false,"extra_segmend_id":"23DC5F63-9259-4a98-9B30-FA448E3C1BD6"},{"extra_mask_aspect_ratio_locked":false,"extra_segmend_id":"27AC4DA5-68FC-49e6-93D6-7A7895A911F5"},{"extra_mask_aspect_ratio_locked":false,"extra_segmend_id":"3E982222-CACE-41a2-9170-9DC974C0D728"},{"extra_mask_aspect_ratio_locked":false,"extra_segmend_id":"567FD00A-0D31-4733-B22E-911BA80BAA4F"},{"extra_mask_aspect_ratio_locked":false,"extra_segmend_id":"7F22A599-BEAE-4af0-B4BC-179C304AA043"},{"extra_mask_aspect_ratio_locked":false,"extra_segmend_id":"81339D7B-94FF-4916-8601-4E9C62B88FAE"},{"extra_mask_aspect_ratio_locked":false,"extra_segmend_id":"9E7CE60E-C049-43d1-9BD0-5CBF656D6535"},{"extra_mask_aspect_ratio_locked":false,"extra_segmend_id":"AA662496-A8C9-40f9-B907-C2688C457930"},{"extra_mask_aspect_ratio_locked":false,"extra_segmend_id":"BB1D89A7-E8D5-4d6d-B88D-150EA05DE415"}],"draft_timeline_materials_size_":6983862,"draft_type":"","tm_draft_cloud_completed":"","tm_draft_cloud_modified":0,"tm_draft_create":1716914866977232,"tm_draft_modified":1717539099915485,"tm_draft_removed":1557001741,"tm_duration":102966666}