{
    "Octane": {
		"BodyID": 23,
		"SkinID": 302,
		"Group": "Valor",
		"Body": {
			"Diffuse": "Valor_Diffuse_Octane.png",
			"Skin": "Valor_Mask_Octane.png"
		}
    },
	    "Fennec": {
		"BodyID": 4284,
		"SkinID": 4291,
		"Group": "Valor",
		"Body": {
			"Diffuse": "Valor_Diffuse_Fennec.png",
			"Skin": "Valor_Mask_Fennec.png"
		}
    },
	    "Dominus": {
		"BodyID": 4770,
		"SkinID": 504,
		"Group": "Valor",
		"Body": {
			"Diffuse": "Valor_Diffuse_Dominus.png",
			"Skin": "Valor_Mask_Dominus.png"
		}
	}
}