{"packageId":"54a92e9b3c694e88a681e06780fb9fe6","draftAllEverAsserts":[{"source_path":"","md5":"6c87a2f5fbe037e9d1130a3d0d7d92e1","size":298158,"meta":"{\"source\":\"graphic\"}"}],"draftData":"{\"magicNumber\":2220.0763910140963,\"version\":{\"major\":1,\"minor\":4,\"patch\":3},\"flag\":799,\"header\":{\"type\":\"Header\",\"content_type\":\"template\",\"platform\":\"browser\",\"extra\":{\"pages\":{\"64\":{\"layer_origin_id\":\"83002228461715790819718\",\"model_page_extra\":{}}},\"layers\":{\"63\":{\"layer_origin_id\":\"49678281571717538717306\",\"layer_extra\":{\"sourceInfo\":{\"from\":\"textTemplate\",\"templateId\":\"86638587\",\"templateName\":\"基础发光 Super Sale\",\"templateEffectFilters\":[],\"textEffectCategoryName\":\"sales-text-template\"},\"textOuterRect\":{\"width\":341,\"height\":228}},\"layer_flip\":{\"isVerticalFlip\":false,\"isHorizonFlip\":false},\"layer_locked\":false}}},\"useInCN\":false,\"guideLine\":{\"isLocked\":false,\"lines\":[]}},\"templates\":[{\"canvas\":{\"width_v2\":1920,\"height_v2\":1080,\"unit\":\"px\"},\"design_size\":{\"width_v2\":1920,\"height_v2\":1080,\"node_width_v2\":1920,\"node_height_v2\":1080},\"layer_group\":{\"type\":\"group\",\"key\":\"group\",\"id\":64,\"name\":\"\",\"visibility\":true,\"blend_mode\":0,\"layout\":{\"x\":0,\"y\":0,\"width\":1920,\"height\":1080,\"type\":\"aspect_fit\",\"translate\":[0,0,0],\"scale\":[1,1,1],\"rotate\":[0,0,0],\"anchor\":[0.5,0.5]},\"child\":[{\"type\":\"base\",\"key\":\"base\",\"id\":62,\"name\":\"background\",\"visibility\":true,\"layout\":{\"x\":0,\"y\":0,\"width\":1920,\"height\":1080,\"type\":\"scale_fill\",\"translate\":[0,0,0],\"scale\":[1,1,1],\"rotate\":[0,0,0],\"anchor\":[0.5,0.5]},\"blend_mode\":0,\"elements\":[{\"key\":\"background\",\"alpha\":255,\"aspect_ratio\":1,\"size_type\":1,\"blue\":255,\"green\":255,\"ratio\":\"background_1_1\",\"red\":255}]},{\"type\":\"base\",\"key\":\"base\",\"id\":63,\"origin_id\":\"49678281571717538717306\",\"name\":\"\",\"blend_mode\":0,\"visibility\":true,\"layout\":{\"type\":\"center\",\"x\":0,\"y\":0,\"width\":1262.6750531370892,\"height\":844.2514285714286,\"translate\":[0,5.684341886080802e-14,0],\"scale\":[1,1,1],\"rotate\":[0,0,0],\"anchor\":[0.5,0.5]},\"elements\":[{\"key\":\"text\",\"version\":1,\"text_v2\":\"Skill Intro\\nTemplate\",\"type_setting_kind\":0,\"align_type\":1,\"char_spacing\":0.05,\"line_gap\":0.02,\"inner_padding\":0.2,\"scale\":[3.702859393363898,3.7028571428571433],\"glow\":false,\"text_bend\":false,\"line_max_width\":-1,\"line_max_width_v1\":-1,\"fallback_text_info_list\":[],\"new_fallback_text_info_list\":[],\"upper_case\":false,\"compact_size\":[1145.583233400136,726.0006857142857],\"extend_size\":[1262.6750531370892,844.2514285714286],\"shadow\":true,\"outline\":false,\"underline\":false,\"shadow_color\":[22,22,29,181],\"shadow_angle_v2\":0,\"shadow_smoothing\":0.043664,\"shadow_distance\":0,\"text_color\":[32,79,173,255],\"use_effect_default_color\":false,\"bold_width\":0.008,\"font_size_v2\":19.444433,\"font_id\":\"63996942\",\"font_resource_id\":\"7265579236402926139\",\"new_font_info\":{\"resource_id\":\"7265579236402926139\",\"effect_id\":\"63996942\"},\"shadow_offset_x\":0,\"shadow_offset_y\":0}],\"edit_params\":[],\"extra\":{\"sourceInfo\":{\"from\":\"textTemplate\",\"templateId\":\"86638587\",\"templateName\":\"基础发光 Super Sale\",\"templateEffectFilters\":[],\"textEffectCategoryName\":\"sales-text-template\"},\"textOuterRect\":{\"width\":341,\"height\":228}},\"alpha\":1}]}}],\"draft_id\":\"54a92e9b3c694e88a681e06780fb9fe6\",\"draft_title\":\"Video Cover\"}","materials":{"effects":[{"id":"7265579236402926139","panel":"fonts"}],"brand_resources":[],"template_file_infos":[]},"packageType":5,"draftUsedEverAsserts":[],"draftMeta":"{\"draft\":{\"id\":\"54a92e9b3c694e88a681e06780fb9fe6\",\"name\":\"Video Cover\",\"type\":5,\"duration\":0,\"updateTime\":1717538769309,\"size\":497158,\"segmentCount\":0,\"version\":\"1.0.0\",\"platformSupport\":\"browser\",\"isMainTrackEmpty\":false,\"isScriptTemplate\":false,\"renderIndexTrackMode\":false,\"canvasInfo\":{\"width\":1920,\"height\":1080,\"sizeUnit\":\"px\",\"pageInfoList\":[{\"width\":1920,\"height\":1080,\"unit\":\"px\",\"page\":\"cover.jpg\",\"sizeUnit\":\"px\"}],\"pageCount\":1},\"coverUrl\":\"cover.jpg\",\"cover\":\"cover.jpg\",\"graphicInfo\":{\"isUseInCn\":false}},\"uploadSource\":{\"owner\":\"0\",\"platform\":\"browser\",\"systemVersion\":\"Mozilla/5.0 (Windows NT 10.0; Win64; x64) AppleWebKit/537.36 (KHTML, like Gecko) CAPCUT_PC/3.9.0 Chrome/109.1.18.2719 Safari/537.36\",\"appVersion\":\"1.0.0\",\"createTime\":1715790850066,\"commitId\":\"quaaUHvv1R1717538769308\"},\"createSource\":{\"owner\":\"0\",\"platform\":\"browser\",\"systemVersion\":\"Mozilla/5.0 (Windows NT 10.0; Win64; x64) AppleWebKit/537.36 (KHTML, like Gecko) CAPCUT_PC/3.9.0 Chrome/109.1.18.2719 Safari/537.36\",\"appVersion\":\"1.0.0\",\"createTime\":1715790850066}}"}