{"canvas_config":{"height":1080,"ratio":"original","width":1920},"color_space":0,"config":{"adjust_max_index":1,"attachment_info":[],"combination_max_index":20,"export_range":null,"extract_audio_last_index":1,"lyrics_recognition_id":"","lyrics_sync":true,"lyrics_taskinfo":[],"maintrack_adsorb":false,"material_save_mode":0,"multi_language_current":"none","multi_language_list":[],"multi_language_main":"none","multi_language_mode":"none","original_sound_last_index":23,"record_audio_last_index":1,"sticker_max_index":1,"subtitle_keywords_config":null,"subtitle_recognition_id":"","subtitle_sync":true,"subtitle_taskinfo":[],"system_font_list":[],"video_mute":false,"zoom_info_params":{"offset_x":0.0,"offset_y":0.0,"zoom_ratio":1.4000000000000001}},"cover":{"cover_draft_id":"","cover_template":null,"sub_type":"","type":"web_cover","web_cover_info":{"materials":[{"extra_info":"","file_name":"e270ea08-e9c2-40ae-9c2a-1a95dd9beab2.jpg","id":"474A2603-A5AE-4fd2-B3B0-EB751D9AA62C","md5":"6c87a2f5fbe037e9d1130a3d0d7d92e1","path":"##_draftpath_placeholder_0E685133-18CE-45ED-8CB8-2904A212EC80_##/Resources/cover/e270ea08-e9c2-40ae-9c2a-1a95dd9beab2.jpg","thumbnail_height":281,"thumbnail_width":500}],"origin_image_path":"##_draftpath_placeholder_0E685133-18CE-45ED-8CB8-2904A212EC80_##/Resources/cover/web_cover_origin_img.jpg","web_cover_json_path":"##_draftpath_placeholder_0E685133-18CE-45ED-8CB8-2904A212EC80_##/Resources/cover/web_cover.json"}},"create_time":0,"duration":152683333,"extra_info":null,"fps":60.0,"free_render_index_mode_on":false,"group_container":{"groups":[]},"id":"7F4A19B6-1EAE-4bd4-A1FA-55BA1B2EC49A","keyframe_graph_list":[],"keyframes":{"adjusts":[],"audios":[],"effects":[],"filters":[],"handwrites":[],"stickers":[],"texts":[],"videos":[]},"last_modified_platform":{"app_id":359289,"app_source":"cc","app_version":"3.9.0","device_id":"468a80623837bb2525f5a96d025c2573","hard_disk_id":"c5cd7c8fb75edf02d01024e5cf0f354a","mac_address":"0ef1fe410896fece45964a0d9f0efba7,e29cb4cce2e4108613c3c410e22c4b1b","os":"windows","os_version":"10.0.22631"},"materials":{"ai_translates":[],"audio_balances":[],"audio_effects":[],"audio_fades":[{"fade_in_duration":2000000,"fade_out_duration":5000000,"fade_type":0,"id":"0F29171C-E50A-481f-BAF3-B3B733C6D272","type":"audio_fade"}],"audio_track_indexes":[],"audios":[{"app_id":0,"category_id":"","category_name":"local","check_flag":1,"copyright_limit_type":"none","duration":733333,"effect_id":"","formula_id":"","id":"8E57809D-4DED-4e78-B87F-F71E5658AB9B","intensifies_path":"","is_ai_clone_tone":false,"is_text_edit_overdub":false,"is_ugc":false,"local_material_id":"966361b5-eff9-42e3-a2a9-144495fa2fa1","music_id":"29d71007-b042-43b5-967b-544f79174f3c","name":"Swoosh SFX.mp3","path":"C:/Users/nks/Downloads/Valor content resources/SFX/Swoosh SFX.mp3","query":"","request_id":"","resource_id":"","search_id":"","source_from":"","source_platform":0,"team_id":"","text_id":"","tone_category_id":"","tone_category_name":"","tone_effect_id":"","tone_effect_name":"","tone_platform":"","tone_second_category_id":"","tone_second_category_name":"","tone_speaker":"","tone_type":"","type":"extract_music","video_id":"","wave_points":[]},{"app_id":0,"category_id":"","category_name":"local","check_flag":1,"copyright_limit_type":"none","duration":2050000,"effect_id":"","formula_id":"","id":"FC668E7A-43C6-4ce4-A390-004C581AD47F","intensifies_path":"","is_ai_clone_tone":false,"is_text_edit_overdub":false,"is_ugc":false,"local_material_id":"a1bd8957-5e29-470e-b104-f7c721cf898c","music_id":"29f62776-5a03-4e1f-a4e5-e917d00cb78e","name":"Pop SFX.mp3","path":"C:/Users/nks/Downloads/Valor content resources/SFX/Pop SFX.mp3","query":"","request_id":"","resource_id":"","search_id":"","source_from":"","source_platform":0,"team_id":"","text_id":"","tone_category_id":"","tone_category_name":"","tone_effect_id":"","tone_effect_name":"","tone_platform":"","tone_second_category_id":"","tone_second_category_name":"","tone_speaker":"","tone_type":"","type":"extract_music","video_id":"","wave_points":[]},{"app_id":0,"category_id":"","category_name":"local","check_flag":1,"copyright_limit_type":"none","duration":2050000,"effect_id":"","formula_id":"","id":"14C4219D-7B18-4d7c-90E0-6C2C2AE71997","intensifies_path":"","is_ai_clone_tone":false,"is_text_edit_overdub":false,"is_ugc":false,"local_material_id":"a1bd8957-5e29-470e-b104-f7c721cf898c","music_id":"29f62776-5a03-4e1f-a4e5-e917d00cb78e","name":"Pop SFX.mp3","path":"C:/Users/nks/Downloads/Valor content resources/SFX/Pop SFX.mp3","query":"","request_id":"","resource_id":"","search_id":"","source_from":"","source_platform":0,"team_id":"","text_id":"","tone_category_id":"","tone_category_name":"","tone_effect_id":"","tone_effect_name":"","tone_platform":"","tone_second_category_id":"","tone_second_category_name":"","tone_speaker":"","tone_type":"","type":"extract_music","video_id":"","wave_points":[]},{"app_id":0,"category_id":"","category_name":"local","check_flag":1,"copyright_limit_type":"none","duration":2050000,"effect_id":"","formula_id":"","id":"23F394A9-2CC2-471a-8DA9-8FB126527F41","intensifies_path":"","is_ai_clone_tone":false,"is_text_edit_overdub":false,"is_ugc":false,"local_material_id":"a1bd8957-5e29-470e-b104-f7c721cf898c","music_id":"29f62776-5a03-4e1f-a4e5-e917d00cb78e","name":"Pop SFX.mp3","path":"C:/Users/nks/Downloads/Valor content resources/SFX/Pop SFX.mp3","query":"","request_id":"","resource_id":"","search_id":"","source_from":"","source_platform":0,"team_id":"","text_id":"","tone_category_id":"","tone_category_name":"","tone_effect_id":"","tone_effect_name":"","tone_platform":"","tone_second_category_id":"","tone_second_category_name":"","tone_speaker":"","tone_type":"","type":"extract_music","video_id":"","wave_points":[]},{"app_id":0,"category_id":"","category_name":"local","check_flag":1,"copyright_limit_type":"none","duration":2050000,"effect_id":"","formula_id":"","id":"C3465C11-AF22-46a7-A596-E74929FB56CF","intensifies_path":"","is_ai_clone_tone":false,"is_text_edit_overdub":false,"is_ugc":false,"local_material_id":"a1bd8957-5e29-470e-b104-f7c721cf898c","music_id":"29f62776-5a03-4e1f-a4e5-e917d00cb78e","name":"Pop SFX.mp3","path":"C:/Users/nks/Downloads/Valor content resources/SFX/Pop SFX.mp3","query":"","request_id":"","resource_id":"","search_id":"","source_from":"","source_platform":0,"team_id":"","text_id":"","tone_category_id":"","tone_category_name":"","tone_effect_id":"","tone_effect_name":"","tone_platform":"","tone_second_category_id":"","tone_second_category_name":"","tone_speaker":"","tone_type":"","type":"extract_music","video_id":"","wave_points":[]},{"app_id":0,"category_id":"","category_name":"local","check_flag":1,"copyright_limit_type":"none","duration":235450000,"effect_id":"","formula_id":"","id":"71D69822-C56B-476a-AB00-4F43209994AE","intensifies_path":"","is_ai_clone_tone":false,"is_text_edit_overdub":false,"is_ugc":false,"local_material_id":"2c227537-89cd-4087-8800-8bdbbe034131","music_id":"19699ffb-561b-4052-9e2a-c1c7503dfcef","name":"Background music 2.mp3","path":"C:/Users/nks/Downloads/Valor content resources/Music/Background music 2.mp3","query":"","request_id":"","resource_id":"","search_id":"","source_from":"","source_platform":0,"team_id":"","text_id":"","tone_category_id":"","tone_category_name":"","tone_effect_id":"","tone_effect_name":"","tone_platform":"","tone_second_category_id":"","tone_second_category_name":"","tone_speaker":"","tone_type":"","type":"extract_music","video_id":"","wave_points":[]}],"beats":[{"ai_beats":{"beat_speed_infos":[],"beats_path":"","beats_url":"","melody_path":"","melody_percents":[0.0],"melody_url":""},"enable_ai_beats":false,"gear":404,"gear_count":0,"id":"F4139CB1-10B7-4513-98CC-53EB3BFAFAFC","mode":404,"type":"beats","user_beats":[],"user_delete_ai_beats":null},{"ai_beats":{"beat_speed_infos":[],"beats_path":"","beats_url":"","melody_path":"","melody_percents":[0.0],"melody_url":""},"enable_ai_beats":false,"gear":404,"gear_count":0,"id":"0AAB4F8A-7295-4ff8-97B1-C57B31DD116D","mode":404,"type":"beats","user_beats":[],"user_delete_ai_beats":null},{"ai_beats":{"beat_speed_infos":[],"beats_path":"","beats_url":"","melody_path":"","melody_percents":[0.0],"melody_url":""},"enable_ai_beats":false,"gear":404,"gear_count":0,"id":"7C7A4F58-75C4-414f-8801-EBF9C974B4BF","mode":404,"type":"beats","user_beats":[],"user_delete_ai_beats":null},{"ai_beats":{"beat_speed_infos":[],"beats_path":"","beats_url":"","melody_path":"","melody_percents":[0.0],"melody_url":""},"enable_ai_beats":false,"gear":404,"gear_count":0,"id":"BFB9442F-8702-4a6a-B8D8-73BE65696611","mode":404,"type":"beats","user_beats":[],"user_delete_ai_beats":null},{"ai_beats":{"beat_speed_infos":[],"beats_path":"","beats_url":"","melody_path":"","melody_percents":[0.0],"melody_url":""},"enable_ai_beats":false,"gear":404,"gear_count":0,"id":"E26BF5C9-C977-4909-B898-30FD6EA41B36","mode":404,"type":"beats","user_beats":[],"user_delete_ai_beats":null},{"ai_beats":{"beat_speed_infos":[],"beats_path":"","beats_url":"","melody_path":"","melody_percents":[0.0],"melody_url":""},"enable_ai_beats":false,"gear":404,"gear_count":0,"id":"B2A593B2-5789-481a-818A-BC6D89E27087","mode":404,"type":"beats","user_beats":[],"user_delete_ai_beats":null}],"canvases":[{"album_image":"","blur":0.0,"color":"","id":"2394C200-0FBF-4448-B562-11B0109D4FD2","image":"","image_id":"","image_name":"","source_platform":0,"team_id":"","type":"canvas_color"},{"album_image":"","blur":0.0,"color":"","id":"EC6B5031-7867-41cb-97FF-5EB913FB53BD","image":"","image_id":"","image_name":"","source_platform":0,"team_id":"","type":"canvas_color"},{"album_image":"","blur":0.0,"color":"","id":"136E759A-61FB-49d6-9C43-549E6344C79F","image":"","image_id":"","image_name":"","source_platform":0,"team_id":"","type":"canvas_color"},{"album_image":"","blur":0.0,"color":"","id":"0149B9A1-5838-41ed-AE31-92707B84B833","image":"","image_id":"","image_name":"","source_platform":0,"team_id":"","type":"canvas_color"},{"album_image":"","blur":0.0,"color":"","id":"89542A64-958F-458d-AE41-C61CEF06AA92","image":"","image_id":"","image_name":"","source_platform":0,"team_id":"","type":"canvas_color"},{"album_image":"","blur":0.0,"color":"","id":"EC9CC1D7-8A30-4ba3-8B2B-8383809112D7","image":"","image_id":"","image_name":"","source_platform":0,"team_id":"","type":"canvas_color"},{"album_image":"","blur":0.0,"color":"","id":"2D1E6528-AC4C-4460-8A58-5626C64A69DF","image":"","image_id":"","image_name":"","source_platform":0,"team_id":"","type":"canvas_color"},{"album_image":"","blur":0.0,"color":"","id":"E6E6A0DC-F503-405a-8E1C-124D165A9342","image":"","image_id":"","image_name":"","source_platform":0,"team_id":"","type":"canvas_color"},{"album_image":"","blur":0.0,"color":"","id":"A835F95F-2717-40f2-8CFF-BC2828EAA67F","image":"","image_id":"","image_name":"","source_platform":0,"team_id":"","type":"canvas_color"},{"album_image":"","blur":0.0,"color":"","id":"CE7D65F6-EBD8-4fb7-89F2-B5D6DAA7E1BC","image":"","image_id":"","image_name":"","source_platform":0,"team_id":"","type":"canvas_color"},{"album_image":"","blur":0.0,"color":"","id":"B689DCAE-2E15-4fbb-8DA1-BB8D134F365D","image":"","image_id":"","image_name":"","source_platform":0,"team_id":"","type":"canvas_color"},{"album_image":"","blur":0.0,"color":"","id":"E8EE09B0-040E-4548-9CA5-2CF037CF1F0F","image":"","image_id":"","image_name":"","source_platform":0,"team_id":"","type":"canvas_color"},{"album_image":"","blur":0.0,"color":"","id":"8052325B-F198-477b-B7A8-28632C0275FC","image":"","image_id":"","image_name":"","source_platform":0,"team_id":"","type":"canvas_color"}],"chromas":[],"color_curves":[],"digital_humans":[],"drafts":[],"effects":[],"flowers":[],"green_screens":[],"handwrites":[],"hsl":[],"images":[],"log_color_wheels":[],"loudnesses":[{"enable":false,"file_id":"","id":"289297BB-02C2-4c70-8383-B8EF5ACC6FCD","loudness_param":null,"target_loudness":0.0,"time_range":null}],"manual_deformations":[],"masks":[],"material_animations":[{"animations":[],"id":"6DF22C47-0451-4173-A99E-5DDD1C5B6EC9","multi_language_current":"none","type":"sticker_animation"},{"animations":[],"id":"BF507F88-F150-40e1-BCFA-A71AA2B1DF97","multi_language_current":"none","type":"sticker_animation"},{"animations":[],"id":"56AE0516-B95E-4717-A940-C793E75D8FCA","multi_language_current":"none","type":"sticker_animation"},{"animations":[],"id":"531B3194-0112-4381-8F5E-8937F178000E","multi_language_current":"none","type":"sticker_animation"},{"animations":[],"id":"FE641C78-3628-4787-80EF-CBBC9F8C53F4","multi_language_current":"none","type":"sticker_animation"},{"animations":[],"id":"BFE343F8-A1ED-4cc9-B89C-FC8F079A8CE0","multi_language_current":"none","type":"sticker_animation"},{"animations":[],"id":"A37E4AD6-3F1E-4085-B693-1B6E6C357B75","multi_language_current":"none","type":"sticker_animation"},{"animations":[],"id":"6EBA397F-AE81-493a-A72E-08713F188AFD","multi_language_current":"none","type":"sticker_animation"},{"animations":[],"id":"940F72F3-293D-4231-B152-9AC09E5348A0","multi_language_current":"none","type":"sticker_animation"},{"animations":[{"anim_adjust_params":null,"category_id":"in","category_name":"In","duration":200000,"id":"3202712","material_type":"video","name":"Slide Up","panel":"video","path":"C:/Users/nks/AppData/Local/CapCut/User Data/Cache/effect/3202712/3f48028802a8b8b28edfea43ccd8c11a","platform":"all","request_id":"","resource_id":"6798333487523828238","start":0,"type":"in"}],"id":"47983342-3F9D-4f4f-9980-E32084395971","multi_language_current":"none","type":"sticker_animation"},{"animations":[{"anim_adjust_params":null,"category_id":"in","category_name":"In","duration":200000,"id":"3202712","material_type":"video","name":"Slide Up","panel":"video","path":"C:/Users/nks/AppData/Local/CapCut/User Data/Cache/effect/3202712/3f48028802a8b8b28edfea43ccd8c11a","platform":"all","request_id":"","resource_id":"6798333487523828238","start":0,"type":"in"}],"id":"7FE13086-2F56-4586-837D-C0125809747F","multi_language_current":"none","type":"sticker_animation"},{"animations":[{"anim_adjust_params":null,"category_id":"in","category_name":"In","duration":200000,"id":"3202676","material_type":"video","name":"Zoom 1","panel":"video","path":"C:/Users/nks/AppData/Local/CapCut/User Data/Cache/effect/3202676/6444aa1a1706f02003f9c56c4c0757b3","platform":"all","request_id":"","resource_id":"6740868384637850120","start":0,"type":"in"}],"id":"3C8AE769-E66C-449c-9ED1-7937BADF0A11","multi_language_current":"none","type":"sticker_animation"},{"animations":[{"anim_adjust_params":null,"category_id":"in","category_name":"In","duration":200000,"id":"3202676","material_type":"video","name":"Zoom 1","panel":"video","path":"C:/Users/nks/AppData/Local/CapCut/User Data/Cache/effect/3202676/6444aa1a1706f02003f9c56c4c0757b3","platform":"all","request_id":"","resource_id":"6740868384637850120","start":0,"type":"in"}],"id":"8E7CD273-9AC5-4201-AD64-DE5BCCFF7C69","multi_language_current":"none","type":"sticker_animation"}],"material_colors":[],"multi_language_refs":[],"placeholders":[],"plugin_effects":[],"primary_color_wheels":[],"realtime_denoises":[],"shapes":[],"smart_crops":[],"smart_relights":[],"sound_channel_mappings":[{"audio_channel_mapping":0,"id":"6986C70B-E2B9-4c37-BBAA-B7C7108FE62E","is_config_open":false,"type":"none"},{"audio_channel_mapping":0,"id":"8F04AF2A-0ECF-45a4-B825-D3F138BEEEB3","is_config_open":false,"type":"none"},{"audio_channel_mapping":0,"id":"D573D9F9-0AAA-49db-8DF4-51AEDEA89EB2","is_config_open":false,"type":"none"},{"audio_channel_mapping":0,"id":"4349D463-42FD-4ee8-8AC9-5854B104B9E4","is_config_open":false,"type":"none"},{"audio_channel_mapping":0,"id":"314C4157-96F9-40b7-9F6B-C1D26DDC566F","is_config_open":false,"type":"none"},{"audio_channel_mapping":0,"id":"FA74269E-9D9C-499d-B2B9-B76D27BB7E83","is_config_open":false,"type":"none"},{"audio_channel_mapping":0,"id":"36FF56F5-2B1E-4a12-B618-A1D32B2E746C","is_config_open":false,"type":"none"},{"audio_channel_mapping":0,"id":"3690FAC3-562A-42f5-9D50-0B5EE9AE0881","is_config_open":false,"type":"none"},{"audio_channel_mapping":0,"id":"E6CB220B-4FB6-4e74-BF66-D1D9BD3290FB","is_config_open":false,"type":"none"},{"audio_channel_mapping":0,"id":"1D00CEA9-F996-4e10-89B0-B1125CA15E29","is_config_open":false,"type":"none"},{"audio_channel_mapping":0,"id":"5B62E535-1510-4ef4-99D7-C34B4B1C42BB","is_config_open":false,"type":"none"},{"audio_channel_mapping":0,"id":"99EACCC8-54FC-4b62-B0B0-23DF0B05A853","is_config_open":false,"type":"none"},{"audio_channel_mapping":0,"id":"47027F5A-63F4-4ea8-AD15-12C06B0999E6","is_config_open":false,"type":"none"},{"audio_channel_mapping":0,"id":"A857E2E0-6E36-421f-9D40-9F857DF6F3F6","is_config_open":false,"type":"none"},{"audio_channel_mapping":0,"id":"3E02B2D1-D034-40e5-96BC-E17D00497D58","is_config_open":false,"type":"none"},{"audio_channel_mapping":0,"id":"9C5CF7DC-9EED-4642-947F-38B4F35D78BC","is_config_open":false,"type":"none"},{"audio_channel_mapping":0,"id":"C99C480B-D80D-475b-9EB3-3EA8F5071022","is_config_open":false,"type":"none"},{"audio_channel_mapping":0,"id":"D75EF05A-7E76-4d10-B6F4-A368D6CDD398","is_config_open":false,"type":"none"},{"audio_channel_mapping":0,"id":"9A2EBC2B-DFE1-4228-A532-85F10FDD86F3","is_config_open":false,"type":""}],"speeds":[{"curve_speed":null,"id":"6AC2E8C4-36EF-4868-8D63-02E582C4FC4F","mode":0,"speed":1.0,"type":"speed"},{"curve_speed":null,"id":"10744A9A-D620-4018-BC62-AD1CC3ABA606","mode":0,"speed":1.0,"type":"speed"},{"curve_speed":null,"id":"C57B8D10-73C8-4332-9B82-598ADCCBF8AC","mode":0,"speed":1.0,"type":"speed"},{"curve_speed":null,"id":"DDF119ED-149F-45f0-BA41-492068128E8B","mode":0,"speed":1.0,"type":"speed"},{"curve_speed":null,"id":"8F7D74E7-2858-476d-AFA1-7526FF5F76A8","mode":0,"speed":1.0,"type":"speed"},{"curve_speed":null,"id":"4146B371-016D-41d2-B875-41BB895FF2C3","mode":0,"speed":1.0,"type":"speed"},{"curve_speed":null,"id":"BCA91607-4699-425f-A4DA-D7AA37A7156C","mode":0,"speed":1.0,"type":"speed"},{"curve_speed":null,"id":"72DEC76E-2B5A-4065-8BF9-84D985A67FC0","mode":0,"speed":1.0,"type":"speed"},{"curve_speed":null,"id":"DEEB6D6D-3D91-4f22-A747-61CAE9159842","mode":0,"speed":1.0,"type":"speed"},{"curve_speed":null,"id":"9F650D8A-5C82-40d5-B790-291C1396A5C5","mode":0,"speed":1.0,"type":"speed"},{"curve_speed":null,"id":"97E470B5-3F8A-4cf1-A026-359E88548072","mode":0,"speed":1.0,"type":"speed"},{"curve_speed":null,"id":"FE912BF2-97F2-4413-A807-A3AABD70A9DF","mode":0,"speed":1.0,"type":"speed"},{"curve_speed":null,"id":"11818C3E-C441-4f0b-AC99-C976231497D8","mode":0,"speed":1.0,"type":"speed"},{"curve_speed":null,"id":"EE231244-5899-4f71-A5A7-CCE4AC52E69E","mode":0,"speed":1.0,"type":"speed"},{"curve_speed":null,"id":"9B5ECD13-54FA-4146-99A2-F56C34391A1A","mode":0,"speed":1.0,"type":"speed"},{"curve_speed":null,"id":"1ED7C000-F571-4aea-A11A-2C4D350E7D15","mode":0,"speed":1.0,"type":"speed"},{"curve_speed":null,"id":"F5CDF100-6264-4ca3-A2E3-7917D4379444","mode":0,"speed":1.0,"type":"speed"},{"curve_speed":null,"id":"9CC1D49D-98BF-4b19-8D16-98D32B6025AC","mode":0,"speed":1.0,"type":"speed"},{"curve_speed":null,"id":"20D10DE2-E75A-433b-80A2-EA3D6992E76D","mode":0,"speed":1.0,"type":"speed"}],"stickers":[],"tail_leaders":[],"text_templates":[],"texts":[],"time_marks":[],"transitions":[],"video_effects":[],"video_trackings":[],"videos":[{"aigc_type":"none","audio_fade":null,"cartoon_path":"","category_id":"","category_name":"local","check_flag":63487,"crop":{"lower_left_x":0.0,"lower_left_y":1.0,"lower_right_x":1.0,"lower_right_y":1.0,"upper_left_x":0.0,"upper_left_y":0.0,"upper_right_x":1.0,"upper_right_y":0.0},"crop_ratio":"free","crop_scale":1.0,"duration":10800000000,"extra_type_option":0,"formula_id":"","freeze":null,"has_audio":false,"height":708,"id":"3E111BBE-9CE7-430b-82BB-CDDE819847F8","intensifies_audio_path":"","intensifies_path":"","is_ai_generate_content":false,"is_copyright":false,"is_text_edit_overdub":false,"is_unified_beauty_mode":false,"local_id":"","local_material_id":"","material_id":"","material_name":"Black screen.PNG","material_url":"","matting":{"flag":0,"has_use_quick_brush":false,"has_use_quick_eraser":false,"interactiveTime":[],"path":"","strokes":[]},"media_path":"","object_locked":null,"origin_material_id":"","path":"C:/Users/nks/Downloads/Valor content resources/Images/Black screen.PNG","picture_from":"none","picture_set_category_id":"","picture_set_category_name":"","request_id":"","reverse_intensifies_path":"","reverse_path":"","smart_motion":null,"source":0,"source_platform":0,"stable":{"matrix_path":"","stable_level":0,"time_range":{"duration":0,"start":0}},"team_id":"","type":"photo","video_algorithm":{"algorithms":[],"complement_frame_config":null,"deflicker":null,"gameplay_configs":[],"motion_blur_config":null,"noise_reduction":null,"path":"","quality_enhance":null,"time_range":null},"width":962},{"aigc_type":"none","audio_fade":null,"cartoon_path":"","category_id":"","category_name":"local","check_flag":63487,"crop":{"lower_left_x":0.0,"lower_left_y":1.0,"lower_right_x":1.0,"lower_right_y":1.0,"upper_left_x":0.0,"upper_left_y":0.0,"upper_right_x":1.0,"upper_right_y":0.0},"crop_ratio":"free","crop_scale":1.0,"duration":10800000000,"extra_type_option":0,"formula_id":"","freeze":null,"has_audio":false,"height":708,"id":"170CB6E7-E4C0-40be-AF2E-D7A298383134","intensifies_audio_path":"","intensifies_path":"","is_ai_generate_content":false,"is_copyright":false,"is_text_edit_overdub":false,"is_unified_beauty_mode":false,"local_id":"","local_material_id":"","material_id":"","material_name":"Black screen.PNG","material_url":"","matting":{"flag":0,"has_use_quick_brush":false,"has_use_quick_eraser":false,"interactiveTime":[],"path":"","strokes":[]},"media_path":"","object_locked":null,"origin_material_id":"","path":"C:/Users/nks/Downloads/Valor content resources/Images/Black screen.PNG","picture_from":"none","picture_set_category_id":"","picture_set_category_name":"","request_id":"","reverse_intensifies_path":"","reverse_path":"","smart_motion":null,"source":0,"source_platform":0,"stable":{"matrix_path":"","stable_level":0,"time_range":{"duration":0,"start":0}},"team_id":"","type":"photo","video_algorithm":{"algorithms":[],"complement_frame_config":null,"deflicker":null,"gameplay_configs":[],"motion_blur_config":null,"noise_reduction":null,"path":"","quality_enhance":null,"time_range":null},"width":962},{"aigc_type":"none","audio_fade":null,"cartoon_path":"","category_id":"","category_name":"local","check_flag":63487,"crop":{"lower_left_x":0.0,"lower_left_y":1.0,"lower_right_x":1.0,"lower_right_y":1.0,"upper_left_x":0.0,"upper_left_y":0.0,"upper_right_x":1.0,"upper_right_y":0.0},"crop_ratio":"free","crop_scale":1.0,"duration":10800000000,"extra_type_option":0,"formula_id":"","freeze":null,"has_audio":false,"height":708,"id":"40D69D88-0C5B-4fe0-B0A0-AA900BE977E2","intensifies_audio_path":"","intensifies_path":"","is_ai_generate_content":false,"is_copyright":false,"is_text_edit_overdub":false,"is_unified_beauty_mode":false,"local_id":"","local_material_id":"","material_id":"","material_name":"Black screen.PNG","material_url":"","matting":{"flag":0,"has_use_quick_brush":false,"has_use_quick_eraser":false,"interactiveTime":[],"path":"","strokes":[]},"media_path":"","object_locked":null,"origin_material_id":"","path":"C:/Users/nks/Downloads/Valor content resources/Images/Black screen.PNG","picture_from":"none","picture_set_category_id":"","picture_set_category_name":"","request_id":"","reverse_intensifies_path":"","reverse_path":"","smart_motion":null,"source":0,"source_platform":0,"stable":{"matrix_path":"","stable_level":0,"time_range":{"duration":0,"start":0}},"team_id":"","type":"photo","video_algorithm":{"algorithms":[],"complement_frame_config":null,"deflicker":null,"gameplay_configs":[],"motion_blur_config":null,"noise_reduction":null,"path":"","quality_enhance":null,"time_range":null},"width":962},{"aigc_type":"none","audio_fade":null,"cartoon_path":"","category_id":"","category_name":"local","check_flag":63487,"crop":{"lower_left_x":0.0,"lower_left_y":1.0,"lower_right_x":1.0,"lower_right_y":1.0,"upper_left_x":0.0,"upper_left_y":0.0,"upper_right_x":1.0,"upper_right_y":0.0},"crop_ratio":"free","crop_scale":1.0,"duration":10800000000,"extra_type_option":0,"formula_id":"","freeze":null,"has_audio":false,"height":708,"id":"594A3F78-105E-41dc-A600-9DE9A182A57A","intensifies_audio_path":"","intensifies_path":"","is_ai_generate_content":false,"is_copyright":false,"is_text_edit_overdub":false,"is_unified_beauty_mode":false,"local_id":"","local_material_id":"","material_id":"","material_name":"Black screen.PNG","material_url":"","matting":{"flag":0,"has_use_quick_brush":false,"has_use_quick_eraser":false,"interactiveTime":[],"path":"","strokes":[]},"media_path":"","object_locked":null,"origin_material_id":"","path":"C:/Users/nks/Downloads/Valor content resources/Images/Black screen.PNG","picture_from":"none","picture_set_category_id":"","picture_set_category_name":"","request_id":"","reverse_intensifies_path":"","reverse_path":"","smart_motion":null,"source":0,"source_platform":0,"stable":{"matrix_path":"","stable_level":0,"time_range":{"duration":0,"start":0}},"team_id":"","type":"photo","video_algorithm":{"algorithms":[],"complement_frame_config":null,"deflicker":null,"gameplay_configs":[],"motion_blur_config":null,"noise_reduction":null,"path":"","quality_enhance":null,"time_range":null},"width":962},{"aigc_type":"none","audio_fade":null,"cartoon_path":"","category_id":"","category_name":"local","check_flag":63487,"crop":{"lower_left_x":0.0,"lower_left_y":1.0,"lower_right_x":1.0,"lower_right_y":1.0,"upper_left_x":0.0,"upper_left_y":0.0,"upper_right_x":1.0,"upper_right_y":0.0},"crop_ratio":"free","crop_scale":1.0,"duration":10800000000,"extra_type_option":0,"formula_id":"","freeze":null,"has_audio":false,"height":708,"id":"DF6F3F76-D3D3-47a4-85C8-589B417276C3","intensifies_audio_path":"","intensifies_path":"","is_ai_generate_content":false,"is_copyright":false,"is_text_edit_overdub":false,"is_unified_beauty_mode":false,"local_id":"","local_material_id":"","material_id":"","material_name":"Black screen.PNG","material_url":"","matting":{"flag":0,"has_use_quick_brush":false,"has_use_quick_eraser":false,"interactiveTime":[],"path":"","strokes":[]},"media_path":"","object_locked":null,"origin_material_id":"","path":"C:/Users/nks/Downloads/Valor content resources/Images/Black screen.PNG","picture_from":"none","picture_set_category_id":"","picture_set_category_name":"","request_id":"","reverse_intensifies_path":"","reverse_path":"","smart_motion":null,"source":0,"source_platform":0,"stable":{"matrix_path":"","stable_level":0,"time_range":{"duration":0,"start":0}},"team_id":"","type":"photo","video_algorithm":{"algorithms":[],"complement_frame_config":null,"deflicker":null,"gameplay_configs":[],"motion_blur_config":null,"noise_reduction":null,"path":"","quality_enhance":null,"time_range":null},"width":962},{"aigc_type":"none","audio_fade":null,"cartoon_path":"","category_id":"","category_name":"local","check_flag":63487,"crop":{"lower_left_x":0.0,"lower_left_y":1.0,"lower_right_x":1.0,"lower_right_y":1.0,"upper_left_x":0.0,"upper_left_y":0.0,"upper_right_x":1.0,"upper_right_y":0.0},"crop_ratio":"free","crop_scale":1.0,"duration":10800000000,"extra_type_option":0,"formula_id":"","freeze":null,"has_audio":false,"height":708,"id":"54E97F89-EF47-4256-9FFD-3E61FE1AAFB5","intensifies_audio_path":"","intensifies_path":"","is_ai_generate_content":false,"is_copyright":false,"is_text_edit_overdub":false,"is_unified_beauty_mode":false,"local_id":"","local_material_id":"","material_id":"","material_name":"Black screen.PNG","material_url":"","matting":{"flag":0,"has_use_quick_brush":false,"has_use_quick_eraser":false,"interactiveTime":[],"path":"","strokes":[]},"media_path":"","object_locked":null,"origin_material_id":"","path":"C:/Users/nks/Downloads/Valor content resources/Images/Black screen.PNG","picture_from":"none","picture_set_category_id":"","picture_set_category_name":"","request_id":"","reverse_intensifies_path":"","reverse_path":"","smart_motion":null,"source":0,"source_platform":0,"stable":{"matrix_path":"","stable_level":0,"time_range":{"duration":0,"start":0}},"team_id":"","type":"photo","video_algorithm":{"algorithms":[],"complement_frame_config":null,"deflicker":null,"gameplay_configs":[],"motion_blur_config":null,"noise_reduction":null,"path":"","quality_enhance":null,"time_range":null},"width":962},{"aigc_type":"none","audio_fade":null,"cartoon_path":"","category_id":"","category_name":"local","check_flag":63487,"crop":{"lower_left_x":0.0,"lower_left_y":1.0,"lower_right_x":1.0,"lower_right_y":1.0,"upper_left_x":0.0,"upper_left_y":0.0,"upper_right_x":1.0,"upper_right_y":0.0},"crop_ratio":"free","crop_scale":1.0,"duration":10800000000,"extra_type_option":0,"formula_id":"","freeze":null,"has_audio":false,"height":708,"id":"320B7122-9A3E-487f-B208-858723E4AF54","intensifies_audio_path":"","intensifies_path":"","is_ai_generate_content":false,"is_copyright":false,"is_text_edit_overdub":false,"is_unified_beauty_mode":false,"local_id":"","local_material_id":"","material_id":"","material_name":"Black screen.PNG","material_url":"","matting":{"flag":0,"has_use_quick_brush":false,"has_use_quick_eraser":false,"interactiveTime":[],"path":"","strokes":[]},"media_path":"","object_locked":null,"origin_material_id":"","path":"C:/Users/nks/Downloads/Valor content resources/Images/Black screen.PNG","picture_from":"none","picture_set_category_id":"","picture_set_category_name":"","request_id":"","reverse_intensifies_path":"","reverse_path":"","smart_motion":null,"source":0,"source_platform":0,"stable":{"matrix_path":"","stable_level":0,"time_range":{"duration":0,"start":0}},"team_id":"","type":"photo","video_algorithm":{"algorithms":[],"complement_frame_config":null,"deflicker":null,"gameplay_configs":[],"motion_blur_config":null,"noise_reduction":null,"path":"","quality_enhance":null,"time_range":null},"width":962},{"aigc_type":"none","audio_fade":null,"cartoon_path":"","category_id":"","category_name":"","check_flag":63487,"crop":{"lower_left_x":0.0,"lower_left_y":1.0,"lower_right_x":1.0,"lower_right_y":1.0,"upper_left_x":0.0,"upper_left_y":0.0,"upper_right_x":1.0,"upper_right_y":0.0},"crop_ratio":"free","crop_scale":1.0,"duration":10800000000,"extra_type_option":0,"formula_id":"","freeze":null,"has_audio":false,"height":1080,"id":"42C8CA43-19F8-44c1-A3DA-4526E2261919","intensifies_audio_path":"","intensifies_path":"","is_ai_generate_content":false,"is_copyright":true,"is_text_edit_overdub":false,"is_unified_beauty_mode":false,"local_id":"","local_material_id":"","material_id":"","material_name":"","material_url":"","matting":{"flag":0,"has_use_quick_brush":false,"has_use_quick_eraser":false,"interactiveTime":[],"path":"","strokes":[]},"media_path":"","object_locked":null,"origin_material_id":"","path":"C:/Users/nks/Downloads/Valor content resources/Overlays/Overlay - green.png","picture_from":"none","picture_set_category_id":"","picture_set_category_name":"","request_id":"","reverse_intensifies_path":"","reverse_path":"","smart_motion":null,"source":1,"source_platform":0,"stable":{"matrix_path":"","stable_level":0,"time_range":{"duration":0,"start":0}},"team_id":"","type":"photo","video_algorithm":{"algorithms":[],"complement_frame_config":null,"deflicker":null,"gameplay_configs":[],"motion_blur_config":null,"noise_reduction":null,"path":"","quality_enhance":null,"time_range":null},"width":1920},{"aigc_type":"none","audio_fade":null,"cartoon_path":"","category_id":"","category_name":"","check_flag":63487,"crop":{"lower_left_x":0.0,"lower_left_y":1.0,"lower_right_x":1.0,"lower_right_y":1.0,"upper_left_x":0.0,"upper_left_y":0.0,"upper_right_x":1.0,"upper_right_y":0.0},"crop_ratio":"free","crop_scale":1.0,"duration":10800000000,"extra_type_option":0,"formula_id":"","freeze":null,"has_audio":false,"height":1080,"id":"2C8F108F-EE87-48da-8138-2EE3FEDF9F63","intensifies_audio_path":"","intensifies_path":"","is_ai_generate_content":false,"is_copyright":true,"is_text_edit_overdub":false,"is_unified_beauty_mode":false,"local_id":"","local_material_id":"","material_id":"","material_name":"","material_url":"","matting":{"flag":0,"has_use_quick_brush":false,"has_use_quick_eraser":false,"interactiveTime":[],"path":"","strokes":[]},"media_path":"","object_locked":null,"origin_material_id":"","path":"C:/Users/nks/Downloads/Valor content resources/Overlays/Overlay - red.png","picture_from":"none","picture_set_category_id":"","picture_set_category_name":"","request_id":"","reverse_intensifies_path":"","reverse_path":"","smart_motion":null,"source":1,"source_platform":0,"stable":{"matrix_path":"","stable_level":0,"time_range":{"duration":0,"start":0}},"team_id":"","type":"photo","video_algorithm":{"algorithms":[],"complement_frame_config":null,"deflicker":null,"gameplay_configs":[],"motion_blur_config":null,"noise_reduction":null,"path":"","quality_enhance":null,"time_range":null},"width":1920},{"aigc_type":"none","audio_fade":null,"cartoon_path":"","category_id":"","category_name":"","check_flag":63487,"crop":{"lower_left_x":0.0,"lower_left_y":1.0,"lower_right_x":1.0,"lower_right_y":1.0,"upper_left_x":0.0,"upper_left_y":0.0,"upper_right_x":1.0,"upper_right_y":0.0},"crop_ratio":"free","crop_scale":1.0,"duration":10800000000,"extra_type_option":0,"formula_id":"","freeze":null,"has_audio":false,"height":222,"id":"254779F6-7191-4228-A893-DC47A4CFF75F","intensifies_audio_path":"","intensifies_path":"","is_ai_generate_content":false,"is_copyright":true,"is_text_edit_overdub":false,"is_unified_beauty_mode":false,"local_id":"","local_material_id":"","material_id":"","material_name":"","material_url":"","matting":{"flag":0,"has_use_quick_brush":false,"has_use_quick_eraser":false,"interactiveTime":[],"path":"","strokes":[]},"media_path":"","object_locked":null,"origin_material_id":"","path":"C:/Users/nks/Downloads/Valor content resources/Overlays/TIP 1.png","picture_from":"none","picture_set_category_id":"","picture_set_category_name":"","request_id":"","reverse_intensifies_path":"","reverse_path":"","smart_motion":null,"source":1,"source_platform":0,"stable":{"matrix_path":"","stable_level":0,"time_range":{"duration":0,"start":0}},"team_id":"","type":"photo","video_algorithm":{"algorithms":[],"complement_frame_config":null,"deflicker":null,"gameplay_configs":[],"motion_blur_config":null,"noise_reduction":null,"path":"","quality_enhance":null,"time_range":null},"width":548},{"aigc_type":"none","audio_fade":null,"cartoon_path":"","category_id":"","category_name":"","check_flag":63487,"crop":{"lower_left_x":0.0,"lower_left_y":1.0,"lower_right_x":1.0,"lower_right_y":1.0,"upper_left_x":0.0,"upper_left_y":0.0,"upper_right_x":1.0,"upper_right_y":0.0},"crop_ratio":"free","crop_scale":1.0,"duration":10800000000,"extra_type_option":0,"formula_id":"","freeze":null,"has_audio":false,"height":226,"id":"2A8DAD07-2776-49c2-B886-40016468C890","intensifies_audio_path":"","intensifies_path":"","is_ai_generate_content":false,"is_copyright":true,"is_text_edit_overdub":false,"is_unified_beauty_mode":false,"local_id":"","local_material_id":"","material_id":"","material_name":"","material_url":"","matting":{"flag":0,"has_use_quick_brush":false,"has_use_quick_eraser":false,"interactiveTime":[],"path":"","strokes":[]},"media_path":"","object_locked":null,"origin_material_id":"","path":"C:/Users/nks/Downloads/Valor content resources/Overlays/TIP 2.png","picture_from":"none","picture_set_category_id":"","picture_set_category_name":"","request_id":"","reverse_intensifies_path":"","reverse_path":"","smart_motion":null,"source":1,"source_platform":0,"stable":{"matrix_path":"","stable_level":0,"time_range":{"duration":0,"start":0}},"team_id":"","type":"photo","video_algorithm":{"algorithms":[],"complement_frame_config":null,"deflicker":null,"gameplay_configs":[],"motion_blur_config":null,"noise_reduction":null,"path":"","quality_enhance":null,"time_range":null},"width":582},{"aigc_type":"none","audio_fade":null,"cartoon_path":"","category_id":"","category_name":"","check_flag":63487,"crop":{"lower_left_x":0.0,"lower_left_y":1.0,"lower_right_x":1.0,"lower_right_y":1.0,"upper_left_x":0.0,"upper_left_y":0.0,"upper_right_x":1.0,"upper_right_y":0.0},"crop_ratio":"free","crop_scale":1.0,"duration":10800000000,"extra_type_option":0,"formula_id":"","freeze":null,"has_audio":false,"height":220,"id":"775027BA-F259-4c67-8DAE-C8986092C6AC","intensifies_audio_path":"","intensifies_path":"","is_ai_generate_content":false,"is_copyright":true,"is_text_edit_overdub":false,"is_unified_beauty_mode":false,"local_id":"","local_material_id":"","material_id":"","material_name":"","material_url":"","matting":{"flag":0,"has_use_quick_brush":false,"has_use_quick_eraser":false,"interactiveTime":[],"path":"","strokes":[]},"media_path":"","object_locked":null,"origin_material_id":"","path":"C:/Users/nks/Downloads/Valor content resources/Overlays/BAD HABIT 1.png","picture_from":"none","picture_set_category_id":"","picture_set_category_name":"","request_id":"","reverse_intensifies_path":"","reverse_path":"","smart_motion":null,"source":1,"source_platform":0,"stable":{"matrix_path":"","stable_level":0,"time_range":{"duration":0,"start":0}},"team_id":"","type":"photo","video_algorithm":{"algorithms":[],"complement_frame_config":null,"deflicker":null,"gameplay_configs":[],"motion_blur_config":null,"noise_reduction":null,"path":"","quality_enhance":null,"time_range":null},"width":1222},{"aigc_type":"none","audio_fade":null,"cartoon_path":"","category_id":"","category_name":"","check_flag":63487,"crop":{"lower_left_x":0.0,"lower_left_y":1.0,"lower_right_x":1.0,"lower_right_y":1.0,"upper_left_x":0.0,"upper_left_y":0.0,"upper_right_x":1.0,"upper_right_y":0.0},"crop_ratio":"free","crop_scale":1.0,"duration":10800000000,"extra_type_option":0,"formula_id":"","freeze":null,"has_audio":false,"height":224,"id":"5E7CE3CB-42E0-490f-8B5A-EBFB78E5EB4F","intensifies_audio_path":"","intensifies_path":"","is_ai_generate_content":false,"is_copyright":true,"is_text_edit_overdub":false,"is_unified_beauty_mode":false,"local_id":"","local_material_id":"","material_id":"","material_name":"","material_url":"","matting":{"flag":0,"has_use_quick_brush":false,"has_use_quick_eraser":false,"interactiveTime":[],"path":"","strokes":[]},"media_path":"","object_locked":null,"origin_material_id":"","path":"C:/Users/nks/Downloads/Valor content resources/Overlays/BAD HABIT 2.png","picture_from":"none","picture_set_category_id":"","picture_set_category_name":"","request_id":"","reverse_intensifies_path":"","reverse_path":"","smart_motion":null,"source":1,"source_platform":0,"stable":{"matrix_path":"","stable_level":0,"time_range":{"duration":0,"start":0}},"team_id":"","type":"photo","video_algorithm":{"algorithms":[],"complement_frame_config":null,"deflicker":null,"gameplay_configs":[],"motion_blur_config":null,"noise_reduction":null,"path":"","quality_enhance":null,"time_range":null},"width":1256}],"vocal_beautifys":[],"vocal_separations":[{"choice":0,"id":"6448E43A-C579-4beb-ABDE-9563B0058C95","production_path":"","time_range":null,"type":"vocal_separation"},{"choice":0,"id":"BF294788-28D2-4c1e-A085-7587975291D9","production_path":"","time_range":null,"type":"vocal_separation"},{"choice":0,"id":"717E3E8C-1E57-420c-9161-2DB8B6393F3A","production_path":"","time_range":null,"type":"vocal_separation"},{"choice":0,"id":"ABA1238A-E56D-47d1-8068-25185DE1B0A6","production_path":"","time_range":null,"type":"vocal_separation"},{"choice":0,"id":"C29657CB-E221-4146-BA63-27BE7E5D6737","production_path":"","time_range":null,"type":"vocal_separation"},{"choice":0,"id":"CC775545-80B6-4222-AC89-BC13B0831095","production_path":"","time_range":null,"type":"vocal_separation"},{"choice":0,"id":"38A2028C-2B09-44a9-B624-75AE903CDDE3","production_path":"","time_range":null,"type":"vocal_separation"},{"choice":0,"id":"E17A636B-EDCC-4d13-9A54-2F86C2F138D9","production_path":"","time_range":null,"type":"vocal_separation"},{"choice":0,"id":"DF1649D8-5C46-4bfc-92D9-B5F26BA27C7F","production_path":"","time_range":null,"type":"vocal_separation"},{"choice":0,"id":"DCB1A3E5-3C39-45f3-B586-572B29846B2F","production_path":"","time_range":null,"type":"vocal_separation"},{"choice":0,"id":"1A92C131-AE05-4db6-A58B-7F39B72E563D","production_path":"","time_range":null,"type":"vocal_separation"},{"choice":0,"id":"280A76F8-1AB1-4a5d-ADC2-0865555643C9","production_path":"","time_range":null,"type":"vocal_separation"},{"choice":0,"id":"15CCA8E6-04E5-40e9-9EB7-6FBF6203F34E","production_path":"","time_range":null,"type":"vocal_separation"},{"choice":0,"id":"BB9F1CF8-1964-47f2-8C6C-57209C27DD2A","production_path":"","time_range":null,"type":"vocal_separation"},{"choice":0,"id":"19AA16C0-DCB8-4148-9B87-990373FC1EFC","production_path":"","time_range":null,"type":"vocal_separation"},{"choice":0,"id":"D35AB213-BCFD-44a1-9092-DA64F7EFF06A","production_path":"","time_range":null,"type":"vocal_separation"},{"choice":0,"id":"0F3B95EE-2577-462a-9546-E4DEE6E64DFA","production_path":"","time_range":null,"type":"vocal_separation"},{"choice":0,"id":"58643AA3-5D35-499d-AD75-5B1A9F4AF276","production_path":"","time_range":null,"type":"vocal_separation"},{"choice":0,"id":"0DAA1670-20AC-4aa1-B3B4-FCB1B613861A","production_path":"","time_range":null,"type":"vocal_separation"}]},"mutable_config":null,"name":"","new_version":"110.0.0","platform":{"app_id":359289,"app_source":"cc","app_version":"3.9.0","device_id":"fc8114f0015ed20ba493b4c80a08d405","hard_disk_id":"e5cc809cca181999684ab7959fdff741","mac_address":"821215a6b2c453b577b7761133c507e1","os":"windows","os_version":"10.0.19045"},"relationships":[],"render_index_track_mode_on":true,"retouch_cover":null,"source":"default","static_cover_image_path":"##_draftpath_placeholder_0E685133-18CE-45ED-8CB8-2904A212EC80_##/draft_cover.jpg","time_marks":null,"tracks":[{"attribute":0,"flag":0,"id":"A507941A-50C9-4411-8668-345E01A2B5CE","is_default_name":true,"name":"","segments":[{"caption_info":null,"cartoon":false,"clip":{"alpha":1.0,"flip":{"horizontal":false,"vertical":false},"rotation":0.0,"scale":{"x":1.0,"y":1.0},"transform":{"x":0.0,"y":0.0}},"common_keyframes":[],"enable_adjust":true,"enable_color_correct_adjust":false,"enable_color_curves":true,"enable_color_match_adjust":false,"enable_color_wheels":true,"enable_lut":true,"enable_smart_color_adjust":false,"extra_material_refs":["6AC2E8C4-36EF-4868-8D63-02E582C4FC4F","2394C200-0FBF-4448-B562-11B0109D4FD2","6DF22C47-0451-4173-A99E-5DDD1C5B6EC9","6986C70B-E2B9-4c37-BBAA-B7C7108FE62E","6448E43A-C579-4beb-ABDE-9563B0058C95"],"group_id":"","hdr_settings":{"intensity":1.0,"mode":1,"nits":1000},"id":"7FB632B5-1B0D-464f-AECA-0BF24D1FFC24","intensifies_audio":false,"is_placeholder":false,"is_tone_modify":false,"keyframe_refs":[],"last_nonzero_volume":1.0,"material_id":"3E111BBE-9CE7-430b-82BB-CDDE819847F8","render_index":0,"responsive_layout":{"enable":false,"horizontal_pos_layout":0,"size_layout":0,"target_follow":"","vertical_pos_layout":0},"reverse":false,"source_timerange":{"duration":14316666,"start":0},"speed":1.0,"target_timerange":{"duration":14316666,"start":0},"template_id":"","template_scene":"default","track_attribute":0,"track_render_index":0,"uniform_scale":{"on":true,"value":1.0},"visible":true,"volume":1.0},{"caption_info":null,"cartoon":false,"clip":{"alpha":1.0,"flip":{"horizontal":false,"vertical":false},"rotation":0.0,"scale":{"x":1.0,"y":1.0},"transform":{"x":0.0,"y":0.0}},"common_keyframes":[],"enable_adjust":true,"enable_color_correct_adjust":false,"enable_color_curves":true,"enable_color_match_adjust":false,"enable_color_wheels":true,"enable_lut":true,"enable_smart_color_adjust":false,"extra_material_refs":["10744A9A-D620-4018-BC62-AD1CC3ABA606","EC6B5031-7867-41cb-97FF-5EB913FB53BD","BF507F88-F150-40e1-BCFA-A71AA2B1DF97","8F04AF2A-0ECF-45a4-B825-D3F138BEEEB3","BF294788-28D2-4c1e-A085-7587975291D9"],"group_id":"","hdr_settings":{"intensity":1.0,"mode":1,"nits":1000},"id":"301F8823-3957-466a-A34E-85C3AFEBEF99","intensifies_audio":false,"is_placeholder":false,"is_tone_modify":false,"keyframe_refs":[],"last_nonzero_volume":1.0,"material_id":"170CB6E7-E4C0-40be-AF2E-D7A298383134","render_index":0,"responsive_layout":{"enable":false,"horizontal_pos_layout":0,"size_layout":0,"target_follow":"","vertical_pos_layout":0},"reverse":false,"source_timerange":{"duration":82516667,"start":0},"speed":1.0,"target_timerange":{"duration":82516667,"start":14316666},"template_id":"","template_scene":"default","track_attribute":0,"track_render_index":0,"uniform_scale":{"on":true,"value":1.0},"visible":true,"volume":1.0},{"caption_info":null,"cartoon":false,"clip":{"alpha":1.0,"flip":{"horizontal":false,"vertical":false},"rotation":0.0,"scale":{"x":1.0,"y":1.0},"transform":{"x":0.0,"y":0.0}},"common_keyframes":[],"enable_adjust":true,"enable_color_correct_adjust":false,"enable_color_curves":true,"enable_color_match_adjust":false,"enable_color_wheels":true,"enable_lut":true,"enable_smart_color_adjust":false,"extra_material_refs":["C57B8D10-73C8-4332-9B82-598ADCCBF8AC","136E759A-61FB-49d6-9C43-549E6344C79F","56AE0516-B95E-4717-A940-C793E75D8FCA","D573D9F9-0AAA-49db-8DF4-51AEDEA89EB2","717E3E8C-1E57-420c-9161-2DB8B6393F3A"],"group_id":"","hdr_settings":{"intensity":1.0,"mode":1,"nits":1000},"id":"DF094498-B90D-4289-970E-882D93A0066F","intensifies_audio":false,"is_placeholder":false,"is_tone_modify":false,"keyframe_refs":[],"last_nonzero_volume":1.0,"material_id":"40D69D88-0C5B-4fe0-B0A0-AA900BE977E2","render_index":0,"responsive_layout":{"enable":false,"horizontal_pos_layout":0,"size_layout":0,"target_follow":"","vertical_pos_layout":0},"reverse":false,"source_timerange":{"duration":7350000,"start":0},"speed":1.0,"target_timerange":{"duration":7350000,"start":96833333},"template_id":"","template_scene":"default","track_attribute":0,"track_render_index":0,"uniform_scale":{"on":true,"value":1.0},"visible":true,"volume":1.0},{"caption_info":null,"cartoon":false,"clip":{"alpha":1.0,"flip":{"horizontal":false,"vertical":false},"rotation":0.0,"scale":{"x":1.0,"y":1.0},"transform":{"x":0.0,"y":0.0}},"common_keyframes":[],"enable_adjust":true,"enable_color_correct_adjust":false,"enable_color_curves":true,"enable_color_match_adjust":false,"enable_color_wheels":true,"enable_lut":true,"enable_smart_color_adjust":false,"extra_material_refs":["DDF119ED-149F-45f0-BA41-492068128E8B","0149B9A1-5838-41ed-AE31-92707B84B833","531B3194-0112-4381-8F5E-8937F178000E","4349D463-42FD-4ee8-8AC9-5854B104B9E4","ABA1238A-E56D-47d1-8068-25185DE1B0A6"],"group_id":"","hdr_settings":{"intensity":1.0,"mode":1,"nits":1000},"id":"71DDC21E-5FDC-4f95-B7E3-A7D63FBD3669","intensifies_audio":false,"is_placeholder":false,"is_tone_modify":false,"keyframe_refs":[],"last_nonzero_volume":1.0,"material_id":"594A3F78-105E-41dc-A600-9DE9A182A57A","render_index":0,"responsive_layout":{"enable":false,"horizontal_pos_layout":0,"size_layout":0,"target_follow":"","vertical_pos_layout":0},"reverse":false,"source_timerange":{"duration":7983333,"start":0},"speed":1.0,"target_timerange":{"duration":7983333,"start":104183333},"template_id":"","template_scene":"default","track_attribute":0,"track_render_index":0,"uniform_scale":{"on":true,"value":1.0},"visible":true,"volume":1.0},{"caption_info":null,"cartoon":false,"clip":{"alpha":1.0,"flip":{"horizontal":false,"vertical":false},"rotation":0.0,"scale":{"x":1.0,"y":1.0},"transform":{"x":0.0,"y":0.0}},"common_keyframes":[],"enable_adjust":true,"enable_color_correct_adjust":false,"enable_color_curves":true,"enable_color_match_adjust":false,"enable_color_wheels":true,"enable_lut":true,"enable_smart_color_adjust":false,"extra_material_refs":["8F7D74E7-2858-476d-AFA1-7526FF5F76A8","89542A64-958F-458d-AE41-C61CEF06AA92","FE641C78-3628-4787-80EF-CBBC9F8C53F4","314C4157-96F9-40b7-9F6B-C1D26DDC566F","C29657CB-E221-4146-BA63-27BE7E5D6737"],"group_id":"","hdr_settings":{"intensity":1.0,"mode":1,"nits":1000},"id":"E79DE0F9-673B-4656-B89D-1964985688D4","intensifies_audio":false,"is_placeholder":false,"is_tone_modify":false,"keyframe_refs":[],"last_nonzero_volume":1.0,"material_id":"DF6F3F76-D3D3-47a4-85C8-589B417276C3","render_index":0,"responsive_layout":{"enable":false,"horizontal_pos_layout":0,"size_layout":0,"target_follow":"","vertical_pos_layout":0},"reverse":false,"source_timerange":{"duration":10366667,"start":0},"speed":1.0,"target_timerange":{"duration":10366667,"start":112166666},"template_id":"","template_scene":"default","track_attribute":0,"track_render_index":0,"uniform_scale":{"on":true,"value":1.0},"visible":true,"volume":1.0},{"caption_info":null,"cartoon":false,"clip":{"alpha":1.0,"flip":{"horizontal":false,"vertical":false},"rotation":0.0,"scale":{"x":1.0,"y":1.0},"transform":{"x":0.0,"y":0.0}},"common_keyframes":[],"enable_adjust":true,"enable_color_correct_adjust":false,"enable_color_curves":true,"enable_color_match_adjust":false,"enable_color_wheels":true,"enable_lut":true,"enable_smart_color_adjust":false,"extra_material_refs":["4146B371-016D-41d2-B875-41BB895FF2C3","EC9CC1D7-8A30-4ba3-8B2B-8383809112D7","BFE343F8-A1ED-4cc9-B89C-FC8F079A8CE0","FA74269E-9D9C-499d-B2B9-B76D27BB7E83","CC775545-80B6-4222-AC89-BC13B0831095"],"group_id":"","hdr_settings":{"intensity":1.0,"mode":1,"nits":1000},"id":"D2B73363-2FE4-4278-885A-946E7CC900FA","intensifies_audio":false,"is_placeholder":false,"is_tone_modify":false,"keyframe_refs":[],"last_nonzero_volume":1.0,"material_id":"54E97F89-EF47-4256-9FFD-3E61FE1AAFB5","render_index":0,"responsive_layout":{"enable":false,"horizontal_pos_layout":0,"size_layout":0,"target_follow":"","vertical_pos_layout":0},"reverse":false,"source_timerange":{"duration":11116666,"start":0},"speed":1.0,"target_timerange":{"duration":11116667,"start":122533333},"template_id":"","template_scene":"default","track_attribute":0,"track_render_index":0,"uniform_scale":{"on":true,"value":1.0},"visible":true,"volume":1.0},{"caption_info":null,"cartoon":false,"clip":{"alpha":1.0,"flip":{"horizontal":false,"vertical":false},"rotation":0.0,"scale":{"x":1.0,"y":1.0},"transform":{"x":0.0,"y":0.0}},"common_keyframes":[],"enable_adjust":true,"enable_color_correct_adjust":false,"enable_color_curves":true,"enable_color_match_adjust":false,"enable_color_wheels":true,"enable_lut":true,"enable_smart_color_adjust":false,"extra_material_refs":["BCA91607-4699-425f-A4DA-D7AA37A7156C","2D1E6528-AC4C-4460-8A58-5626C64A69DF","A37E4AD6-3F1E-4085-B693-1B6E6C357B75","36FF56F5-2B1E-4a12-B618-A1D32B2E746C","38A2028C-2B09-44a9-B624-75AE903CDDE3"],"group_id":"","hdr_settings":{"intensity":1.0,"mode":1,"nits":1000},"id":"1D4705BC-D1B2-4d4b-9F3F-0B1F5455F22F","intensifies_audio":false,"is_placeholder":false,"is_tone_modify":false,"keyframe_refs":[],"last_nonzero_volume":1.0,"material_id":"320B7122-9A3E-487f-B208-858723E4AF54","render_index":0,"responsive_layout":{"enable":false,"horizontal_pos_layout":0,"size_layout":0,"target_follow":"","vertical_pos_layout":0},"reverse":false,"source_timerange":{"duration":19033333,"start":0},"speed":1.0,"target_timerange":{"duration":19033333,"start":133650000},"template_id":"","template_scene":"default","track_attribute":0,"track_render_index":0,"uniform_scale":{"on":true,"value":1.0},"visible":true,"volume":1.0}],"type":"video"},{"attribute":0,"flag":2,"id":"D2037DEE-150E-422c-A149-CAC9C83E55B7","is_default_name":true,"name":"","segments":[{"caption_info":null,"cartoon":false,"clip":{"alpha":1.0,"flip":{"horizontal":false,"vertical":false},"rotation":0.0,"scale":{"x":1.0,"y":1.0},"transform":{"x":0.0,"y":0.0}},"common_keyframes":[],"enable_adjust":true,"enable_color_correct_adjust":false,"enable_color_curves":true,"enable_color_match_adjust":false,"enable_color_wheels":true,"enable_lut":true,"enable_smart_color_adjust":false,"extra_material_refs":["72DEC76E-2B5A-4065-8BF9-84D985A67FC0","E6E6A0DC-F503-405a-8E1C-124D165A9342","6EBA397F-AE81-493a-A72E-08713F188AFD","3690FAC3-562A-42f5-9D50-0B5EE9AE0881","E17A636B-EDCC-4d13-9A54-2F86C2F138D9"],"group_id":"","hdr_settings":{"intensity":1.0,"mode":1,"nits":1000},"id":"44A406BA-89C3-438c-BC78-35EB84BA44B0","intensifies_audio":false,"is_placeholder":false,"is_tone_modify":false,"keyframe_refs":[],"last_nonzero_volume":1.0,"material_id":"42C8CA43-19F8-44c1-A3DA-4526E2261919","render_index":3,"responsive_layout":{"enable":false,"horizontal_pos_layout":0,"size_layout":0,"target_follow":"","vertical_pos_layout":0},"reverse":false,"source_timerange":{"duration":15333333,"start":0},"speed":1.0,"target_timerange":{"duration":15333333,"start":96833333},"template_id":"","template_scene":"default","track_attribute":0,"track_render_index":1,"uniform_scale":{"on":true,"value":1.0},"visible":true,"volume":1.0},{"caption_info":null,"cartoon":false,"clip":{"alpha":1.0,"flip":{"horizontal":false,"vertical":false},"rotation":0.0,"scale":{"x":1.0,"y":1.0},"transform":{"x":0.0,"y":0.0}},"common_keyframes":[],"enable_adjust":true,"enable_color_correct_adjust":false,"enable_color_curves":true,"enable_color_match_adjust":false,"enable_color_wheels":true,"enable_lut":true,"enable_smart_color_adjust":false,"extra_material_refs":["DEEB6D6D-3D91-4f22-A747-61CAE9159842","A835F95F-2717-40f2-8CFF-BC2828EAA67F","940F72F3-293D-4231-B152-9AC09E5348A0","E6CB220B-4FB6-4e74-BF66-D1D9BD3290FB","DF1649D8-5C46-4bfc-92D9-B5F26BA27C7F"],"group_id":"","hdr_settings":{"intensity":1.0,"mode":1,"nits":1000},"id":"B2260934-175B-4ca3-9F9D-D2CCF034BA7A","intensifies_audio":false,"is_placeholder":false,"is_tone_modify":false,"keyframe_refs":[],"last_nonzero_volume":1.0,"material_id":"2C8F108F-EE87-48da-8138-2EE3FEDF9F63","render_index":2,"responsive_layout":{"enable":false,"horizontal_pos_layout":0,"size_layout":0,"target_follow":"","vertical_pos_layout":0},"reverse":false,"source_timerange":{"duration":21483333,"start":0},"speed":1.0,"target_timerange":{"duration":21483334,"start":112166666},"template_id":"","template_scene":"default","track_attribute":0,"track_render_index":1,"uniform_scale":{"on":true,"value":1.0},"visible":true,"volume":1.0}],"type":"video"},{"attribute":0,"flag":2,"id":"0F32AF74-D148-4327-A478-72FBB9054599","is_default_name":true,"name":"","segments":[{"caption_info":null,"cartoon":false,"clip":{"alpha":1.0,"flip":{"horizontal":false,"vertical":false},"rotation":0.0,"scale":{"x":0.2990769230769227,"y":0.2990769230769227},"transform":{"x":0.0,"y":0.0}},"common_keyframes":[],"enable_adjust":true,"enable_color_correct_adjust":false,"enable_color_curves":true,"enable_color_match_adjust":false,"enable_color_wheels":true,"enable_lut":true,"enable_smart_color_adjust":false,"extra_material_refs":["9F650D8A-5C82-40d5-B790-291C1396A5C5","CE7D65F6-EBD8-4fb7-89F2-B5D6DAA7E1BC","47983342-3F9D-4f4f-9980-E32084395971","1D00CEA9-F996-4e10-89B0-B1125CA15E29","DCB1A3E5-3C39-45f3-B586-572B29846B2F"],"group_id":"","hdr_settings":{"intensity":1.0,"mode":1,"nits":1000},"id":"8A4CD32D-F5A4-4f38-A6C8-867D02CF1508","intensifies_audio":false,"is_placeholder":false,"is_tone_modify":false,"keyframe_refs":[],"last_nonzero_volume":1.0,"material_id":"254779F6-7191-4228-A893-DC47A4CFF75F","render_index":1,"responsive_layout":{"enable":false,"horizontal_pos_layout":0,"size_layout":0,"target_follow":"","vertical_pos_layout":0},"reverse":false,"source_timerange":{"duration":1250000,"start":0},"speed":1.0,"target_timerange":{"duration":1250000,"start":96833333},"template_id":"","template_scene":"default","track_attribute":0,"track_render_index":2,"uniform_scale":{"on":true,"value":1.0},"visible":true,"volume":1.0},{"caption_info":null,"cartoon":false,"clip":{"alpha":1.0,"flip":{"horizontal":false,"vertical":false},"rotation":0.0,"scale":{"x":0.2990769230769227,"y":0.2990769230769227},"transform":{"x":0.0,"y":0.0}},"common_keyframes":[],"enable_adjust":true,"enable_color_correct_adjust":false,"enable_color_curves":true,"enable_color_match_adjust":false,"enable_color_wheels":true,"enable_lut":true,"enable_smart_color_adjust":false,"extra_material_refs":["97E470B5-3F8A-4cf1-A026-359E88548072","B689DCAE-2E15-4fbb-8DA1-BB8D134F365D","7FE13086-2F56-4586-837D-C0125809747F","5B62E535-1510-4ef4-99D7-C34B4B1C42BB","1A92C131-AE05-4db6-A58B-7F39B72E563D"],"group_id":"","hdr_settings":{"intensity":1.0,"mode":1,"nits":1000},"id":"63CDC038-9762-425d-83AE-80FE0C2F75D3","intensifies_audio":false,"is_placeholder":false,"is_tone_modify":false,"keyframe_refs":[],"last_nonzero_volume":1.0,"material_id":"2A8DAD07-2776-49c2-B886-40016468C890","render_index":1,"responsive_layout":{"enable":false,"horizontal_pos_layout":0,"size_layout":0,"target_follow":"","vertical_pos_layout":0},"reverse":false,"source_timerange":{"duration":1250000,"start":0},"speed":1.0,"target_timerange":{"duration":1250000,"start":104183333},"template_id":"","template_scene":"default","track_attribute":0,"track_render_index":2,"uniform_scale":{"on":true,"value":1.0},"visible":true,"volume":1.0},{"caption_info":null,"cartoon":false,"clip":{"alpha":1.0,"flip":{"horizontal":false,"vertical":false},"rotation":0.0,"scale":{"x":0.5033230769230765,"y":0.5033230769230765},"transform":{"x":0.0,"y":0.0}},"common_keyframes":[],"enable_adjust":true,"enable_color_correct_adjust":false,"enable_color_curves":true,"enable_color_match_adjust":false,"enable_color_wheels":true,"enable_lut":true,"enable_smart_color_adjust":false,"extra_material_refs":["FE912BF2-97F2-4413-A807-A3AABD70A9DF","E8EE09B0-040E-4548-9CA5-2CF037CF1F0F","3C8AE769-E66C-449c-9ED1-7937BADF0A11","99EACCC8-54FC-4b62-B0B0-23DF0B05A853","280A76F8-1AB1-4a5d-ADC2-0865555643C9"],"group_id":"","hdr_settings":{"intensity":1.0,"mode":1,"nits":1000},"id":"21ED6FBD-C4B0-48d4-8EE2-504502FCC288","intensifies_audio":false,"is_placeholder":false,"is_tone_modify":false,"keyframe_refs":[],"last_nonzero_volume":1.0,"material_id":"775027BA-F259-4c67-8DAE-C8986092C6AC","render_index":3,"responsive_layout":{"enable":false,"horizontal_pos_layout":0,"size_layout":0,"target_follow":"","vertical_pos_layout":0},"reverse":false,"source_timerange":{"duration":1116666,"start":0},"speed":1.0,"target_timerange":{"duration":1116667,"start":112166666},"template_id":"","template_scene":"default","track_attribute":0,"track_render_index":2,"uniform_scale":{"on":true,"value":1.0},"visible":true,"volume":1.0},{"caption_info":null,"cartoon":false,"clip":{"alpha":1.0,"flip":{"horizontal":false,"vertical":false},"rotation":0.0,"scale":{"x":0.5033230769230765,"y":0.5033230769230765},"transform":{"x":0.0,"y":0.0}},"common_keyframes":[],"enable_adjust":true,"enable_color_correct_adjust":false,"enable_color_curves":true,"enable_color_match_adjust":false,"enable_color_wheels":true,"enable_lut":true,"enable_smart_color_adjust":false,"extra_material_refs":["11818C3E-C441-4f0b-AC99-C976231497D8","8052325B-F198-477b-B7A8-28632C0275FC","8E7CD273-9AC5-4201-AD64-DE5BCCFF7C69","47027F5A-63F4-4ea8-AD15-12C06B0999E6","15CCA8E6-04E5-40e9-9EB7-6FBF6203F34E"],"group_id":"","hdr_settings":{"intensity":1.0,"mode":1,"nits":1000},"id":"82E4BEE1-D2BE-424f-B5E4-9B47B28FBF5C","intensifies_audio":false,"is_placeholder":false,"is_tone_modify":false,"keyframe_refs":[],"last_nonzero_volume":1.0,"material_id":"5E7CE3CB-42E0-490f-8B5A-EBFB78E5EB4F","render_index":1,"responsive_layout":{"enable":false,"horizontal_pos_layout":0,"size_layout":0,"target_follow":"","vertical_pos_layout":0},"reverse":false,"source_timerange":{"duration":1116666,"start":0},"speed":1.0,"target_timerange":{"duration":1116667,"start":122533333},"template_id":"","template_scene":"default","track_attribute":0,"track_render_index":2,"uniform_scale":{"on":true,"value":1.0},"visible":true,"volume":1.0}],"type":"video"},{"attribute":0,"flag":0,"id":"3D04BCB4-8B36-4de4-927B-79CCD5135F30","is_default_name":true,"name":"","segments":[{"caption_info":null,"cartoon":false,"clip":null,"common_keyframes":[],"enable_adjust":false,"enable_color_correct_adjust":false,"enable_color_curves":true,"enable_color_match_adjust":false,"enable_color_wheels":true,"enable_lut":false,"enable_smart_color_adjust":false,"extra_material_refs":["EE231244-5899-4f71-A5A7-CCE4AC52E69E","F4139CB1-10B7-4513-98CC-53EB3BFAFAFC","A857E2E0-6E36-421f-9D40-9F857DF6F3F6","289297BB-02C2-4c70-8383-B8EF5ACC6FCD","BB9F1CF8-1964-47f2-8C6C-57209C27DD2A"],"group_id":"","hdr_settings":null,"id":"F60C5FA2-E70E-4df4-977A-61896DFD91FE","intensifies_audio":false,"is_placeholder":false,"is_tone_modify":false,"keyframe_refs":[],"last_nonzero_volume":1.0,"material_id":"8E57809D-4DED-4e78-B87F-F71E5658AB9B","render_index":0,"responsive_layout":{"enable":false,"horizontal_pos_layout":0,"size_layout":0,"target_follow":"","vertical_pos_layout":0},"reverse":false,"source_timerange":{"duration":383333,"start":150000},"speed":1.0,"target_timerange":{"duration":383334,"start":14316666},"template_id":"","template_scene":"default","track_attribute":0,"track_render_index":0,"uniform_scale":null,"visible":true,"volume":0.26435592770576477},{"caption_info":null,"cartoon":false,"clip":null,"common_keyframes":[],"enable_adjust":false,"enable_color_correct_adjust":false,"enable_color_curves":true,"enable_color_match_adjust":false,"enable_color_wheels":true,"enable_lut":false,"enable_smart_color_adjust":false,"extra_material_refs":["9B5ECD13-54FA-4146-99A2-F56C34391A1A","0AAB4F8A-7295-4ff8-97B1-C57B31DD116D","3E02B2D1-D034-40e5-96BC-E17D00497D58","19AA16C0-DCB8-4148-9B87-990373FC1EFC"],"group_id":"","hdr_settings":null,"id":"BC90865B-4906-413a-A528-2A3E3D6E28CC","intensifies_audio":false,"is_placeholder":false,"is_tone_modify":false,"keyframe_refs":[],"last_nonzero_volume":1.0,"material_id":"FC668E7A-43C6-4ce4-A390-004C581AD47F","render_index":0,"responsive_layout":{"enable":false,"horizontal_pos_layout":0,"size_layout":0,"target_follow":"","vertical_pos_layout":0},"reverse":false,"source_timerange":{"duration":533333,"start":983333},"speed":1.0,"target_timerange":{"duration":533333,"start":96833333},"template_id":"","template_scene":"default","track_attribute":0,"track_render_index":0,"uniform_scale":null,"visible":true,"volume":0.17782793939113617},{"caption_info":null,"cartoon":false,"clip":null,"common_keyframes":[],"enable_adjust":false,"enable_color_correct_adjust":false,"enable_color_curves":true,"enable_color_match_adjust":false,"enable_color_wheels":true,"enable_lut":false,"enable_smart_color_adjust":false,"extra_material_refs":["1ED7C000-F571-4aea-A11A-2C4D350E7D15","7C7A4F58-75C4-414f-8801-EBF9C974B4BF","9C5CF7DC-9EED-4642-947F-38B4F35D78BC","D35AB213-BCFD-44a1-9092-DA64F7EFF06A"],"group_id":"","hdr_settings":null,"id":"89DCCDCC-81F6-43ac-96C2-39FB0E1C7F83","intensifies_audio":false,"is_placeholder":false,"is_tone_modify":false,"keyframe_refs":[],"last_nonzero_volume":1.0,"material_id":"14C4219D-7B18-4d7c-90E0-6C2C2AE71997","render_index":0,"responsive_layout":{"enable":false,"horizontal_pos_layout":0,"size_layout":0,"target_follow":"","vertical_pos_layout":0},"reverse":false,"source_timerange":{"duration":533333,"start":983333},"speed":1.0,"target_timerange":{"duration":533333,"start":104183333},"template_id":"","template_scene":"default","track_attribute":0,"track_render_index":0,"uniform_scale":null,"visible":true,"volume":0.17782793939113617},{"caption_info":null,"cartoon":false,"clip":null,"common_keyframes":[],"enable_adjust":false,"enable_color_correct_adjust":false,"enable_color_curves":true,"enable_color_match_adjust":false,"enable_color_wheels":true,"enable_lut":false,"enable_smart_color_adjust":false,"extra_material_refs":["F5CDF100-6264-4ca3-A2E3-7917D4379444","BFB9442F-8702-4a6a-B8D8-73BE65696611","C99C480B-D80D-475b-9EB3-3EA8F5071022","0F3B95EE-2577-462a-9546-E4DEE6E64DFA"],"group_id":"","hdr_settings":null,"id":"7DDAF957-41F7-470a-88B1-7F14205262EA","intensifies_audio":false,"is_placeholder":false,"is_tone_modify":false,"keyframe_refs":[],"last_nonzero_volume":1.0,"material_id":"23F394A9-2CC2-471a-8DA9-8FB126527F41","render_index":0,"responsive_layout":{"enable":false,"horizontal_pos_layout":0,"size_layout":0,"target_follow":"","vertical_pos_layout":0},"reverse":false,"source_timerange":{"duration":533333,"start":983333},"speed":1.0,"target_timerange":{"duration":533334,"start":112166666},"template_id":"","template_scene":"default","track_attribute":0,"track_render_index":0,"uniform_scale":null,"visible":true,"volume":0.17782793939113617},{"caption_info":null,"cartoon":false,"clip":null,"common_keyframes":[],"enable_adjust":false,"enable_color_correct_adjust":false,"enable_color_curves":true,"enable_color_match_adjust":false,"enable_color_wheels":true,"enable_lut":false,"enable_smart_color_adjust":false,"extra_material_refs":["9CC1D49D-98BF-4b19-8D16-98D32B6025AC","E26BF5C9-C977-4909-B898-30FD6EA41B36","D75EF05A-7E76-4d10-B6F4-A368D6CDD398","58643AA3-5D35-499d-AD75-5B1A9F4AF276"],"group_id":"","hdr_settings":null,"id":"C53D1141-312E-4e66-9A6F-CEDF63B5B672","intensifies_audio":false,"is_placeholder":false,"is_tone_modify":false,"keyframe_refs":[],"last_nonzero_volume":1.0,"material_id":"C3465C11-AF22-46a7-A596-E74929FB56CF","render_index":0,"responsive_layout":{"enable":false,"horizontal_pos_layout":0,"size_layout":0,"target_follow":"","vertical_pos_layout":0},"reverse":false,"source_timerange":{"duration":533333,"start":983333},"speed":1.0,"target_timerange":{"duration":533333,"start":122533333},"template_id":"","template_scene":"default","track_attribute":0,"track_render_index":0,"uniform_scale":null,"visible":true,"volume":0.17782793939113617}],"type":"audio"},{"attribute":0,"flag":0,"id":"F0B17634-244E-4ebd-8912-E21CDA4C1C5C","is_default_name":true,"name":"","segments":[{"caption_info":null,"cartoon":false,"clip":null,"common_keyframes":[],"enable_adjust":false,"enable_color_correct_adjust":false,"enable_color_curves":true,"enable_color_match_adjust":false,"enable_color_wheels":true,"enable_lut":false,"enable_smart_color_adjust":false,"extra_material_refs":["20D10DE2-E75A-433b-80A2-EA3D6992E76D","0F29171C-E50A-481f-BAF3-B3B733C6D272","B2A593B2-5789-481a-818A-BC6D89E27087","9A2EBC2B-DFE1-4228-A532-85F10FDD86F3","0DAA1670-20AC-4aa1-B3B4-FCB1B613861A"],"group_id":"","hdr_settings":null,"id":"3DE7DA4D-9D92-479d-BE79-FD5EC22F5F89","intensifies_audio":false,"is_placeholder":false,"is_tone_modify":false,"keyframe_refs":[],"last_nonzero_volume":1.0,"material_id":"71D69822-C56B-476a-AB00-4F43209994AE","render_index":0,"responsive_layout":{"enable":false,"horizontal_pos_layout":0,"size_layout":0,"target_follow":"","vertical_pos_layout":0},"reverse":false,"source_timerange":{"duration":152683333,"start":300000},"speed":1.0,"target_timerange":{"duration":152683333,"start":0},"template_id":"","template_scene":"default","track_attribute":0,"track_render_index":0,"uniform_scale":null,"visible":true,"volume":0.05623413249850273}],"type":"audio"}],"update_time":0,"version":360000}